,accelerometer_x,accelerometer_y,accelerometer_z,fall
0,-10.0,-223.0,-127.0,0
1,-9.0,-220.0,-128.0,0
2,-11.0,-219.0,-132.0,0
3,-10.0,-226.0,-129.0,0
4,-11.0,-225.0,-127.0,0
5,-14.0,-225.0,-131.0,0
6,-8.0,-221.0,-127.0,0
7,-9.0,-223.0,-126.0,0
8,-10.0,-226.0,-127.0,0
9,-9.0,-226.0,-128.0,0
10,-10.0,-227.0,-134.0,0
11,-11.0,-226.0,-129.0,0
12,-12.0,-226.0,-130.0,0
13,-12.0,-224.0,-128.0,0
14,-10.0,-216.0,-129.0,0
15,-13.0,-220.0,-132.0,0
16,-13.0,-223.0,-129.0,0
17,-14.0,-220.0,-129.0,0
18,-11.0,-222.0,-130.0,0
19,-14.0,-223.0,-127.0,0
20,-13.0,-220.0,-129.0,0
21,-11.0,-222.0,-127.0,0
22,-9.0,-222.0,-126.0,0
23,-11.0,-220.0,-128.0,0
24,-12.0,-223.0,-126.0,0
25,-11.0,-223.0,-133.0,0
26,-10.0,-222.0,-130.0,0
27,-9.0,-224.0,-133.0,0
28,-7.0,-225.0,-132.0,0
29,-7.0,-228.0,-132.0,0
30,-10.0,-223.0,-130.0,0
31,-9.0,-225.0,-127.0,0
32,-10.0,-224.0,-132.0,0
33,-9.0,-226.0,-132.0,0
34,-9.0,-223.0,-131.0,0
35,-9.0,-226.0,-127.0,0
36,-14.0,-219.0,-130.0,0
37,-10.0,-222.0,-128.0,0
38,-9.0,-221.0,-126.0,0
39,-10.0,-220.0,-127.0,0
40,-10.0,-220.0,-128.0,0
41,-9.0,-222.0,-130.0,0
42,-9.0,-220.0,-128.0,0
43,-13.0,-221.0,-123.0,0
44,-11.0,-220.0,-126.0,0
45,-11.0,-220.0,-130.0,0
46,-9.0,-222.0,-126.0,0
47,-11.0,-219.0,-132.0,0
48,-9.0,-224.0,-128.0,0
49,-10.0,-221.0,-132.0,0
50,-11.0,-222.0,-130.0,0
51,-10.0,-223.0,-128.0,0
52,-8.0,-224.0,-128.0,0
53,-8.0,-220.0,-129.0,0
54,-11.0,-221.0,-130.0,0
55,-9.0,-225.0,-131.0,0
56,-10.0,-222.0,-130.0,0
57,-9.0,-221.0,-134.0,0
58,-11.0,-215.0,-127.0,0
59,-11.0,-221.0,-132.0,0
60,-8.0,-223.0,-131.0,0
61,-9.0,-224.0,-130.0,0
62,-9.0,-223.0,-129.0,0
63,-9.0,-225.0,-130.0,0
64,-8.0,-222.0,-131.0,0
65,-10.0,-220.0,-131.0,0
66,-10.0,-221.0,-128.0,0
67,-7.0,-222.0,-128.0,0
68,-11.0,-225.0,-131.0,0
69,-9.0,-222.0,-126.0,0
70,-8.0,-226.0,-131.0,0
71,-10.0,-223.0,-129.0,0
72,-9.0,-221.0,-130.0,0
73,-13.0,-222.0,-129.0,0
74,-11.0,-222.0,-128.0,0
75,-8.0,-223.0,-129.0,0
76,-11.0,-222.0,-127.0,0
77,-10.0,-225.0,-131.0,0
78,-12.0,-224.0,-129.0,0
79,-10.0,-223.0,-131.0,0
80,-9.0,-223.0,-126.0,0
81,-7.0,-221.0,-121.0,0
82,-10.0,-227.0,-130.0,0
83,-11.0,-223.0,-129.0,0
84,-8.0,-222.0,-131.0,0
85,-8.0,-225.0,-131.0,0
86,-9.0,-223.0,-131.0,0
87,-13.0,-223.0,-130.0,0
88,-10.0,-222.0,-130.0,0
89,-7.0,-225.0,-126.0,0
90,-9.0,-221.0,-129.0,0
91,-11.0,-225.0,-126.0,0
92,-6.0,-221.0,-124.0,0
93,-8.0,-226.0,-128.0,0
94,-9.0,-225.0,-129.0,0
95,-8.0,-225.0,-129.0,0
96,-13.0,-222.0,-130.0,0
97,-9.0,-221.0,-131.0,0
98,-10.0,-223.0,-128.0,0
99,-12.0,-224.0,-127.0,0
100,-10.0,-224.0,-130.0,0
101,-7.0,-222.0,-130.0,0
102,-12.0,-221.0,-127.0,0
103,-6.0,-223.0,-131.0,0
104,-11.0,-227.0,-128.0,0
105,-10.0,-225.0,-132.0,0
106,-10.0,-224.0,-129.0,0
107,-10.0,-224.0,-127.0,0
108,-8.0,-220.0,-134.0,0
109,-7.0,-222.0,-130.0,0
110,-10.0,-223.0,-131.0,0
111,-9.0,-223.0,-126.0,0
112,-9.0,-223.0,-127.0,0
113,-8.0,-221.0,-126.0,0
114,-11.0,-221.0,-128.0,0
115,-11.0,-223.0,-128.0,0
116,-9.0,-224.0,-129.0,0
117,-9.0,-224.0,-132.0,0
118,-11.0,-222.0,-130.0,0
119,-7.0,-224.0,-126.0,0
120,-11.0,-224.0,-128.0,0
121,-10.0,-224.0,-129.0,0
122,-11.0,-223.0,-127.0,0
123,-6.0,-224.0,-129.0,0
124,-17.0,-224.0,-131.0,0
125,-9.0,-221.0,-126.0,0
126,-7.0,-224.0,-126.0,0
127,-8.0,-223.0,-132.0,0
128,-11.0,-220.0,-126.0,0
129,-11.0,-222.0,-127.0,0
130,-8.0,-224.0,-129.0,0
131,-9.0,-222.0,-128.0,0
132,-11.0,-220.0,-130.0,0
133,-11.0,-223.0,-129.0,0
134,-11.0,-225.0,-124.0,0
135,-12.0,-222.0,-129.0,0
136,-8.0,-224.0,-128.0,0
137,-11.0,-223.0,-126.0,0
138,-8.0,-222.0,-133.0,0
139,-7.0,-223.0,-130.0,0
140,-9.0,-226.0,-128.0,0
141,-10.0,-223.0,-128.0,0
142,-8.0,-225.0,-128.0,0
143,-9.0,-221.0,-127.0,0
144,-11.0,-223.0,-133.0,0
145,-8.0,-220.0,-131.0,0
146,-9.0,-221.0,-127.0,0
147,-12.0,-221.0,-127.0,0
148,-6.0,-221.0,-135.0,0
149,-7.0,-226.0,-130.0,0
150,-7.0,-224.0,-128.0,0
151,-9.0,-224.0,-127.0,0
152,-13.0,-221.0,-131.0,0
153,-11.0,-226.0,-129.0,0
154,-8.0,-222.0,-130.0,0
155,-9.0,-226.0,-131.0,0
156,-14.0,-225.0,-127.0,0
157,-8.0,-223.0,-126.0,0
158,-9.0,-223.0,-125.0,0
159,-12.0,-222.0,-126.0,0
160,-8.0,-223.0,-129.0,0
161,-10.0,-224.0,-132.0,0
162,-13.0,-223.0,-127.0,0
163,-11.0,-222.0,-129.0,0
164,-10.0,-223.0,-127.0,0
165,-10.0,-225.0,-128.0,0
166,-13.0,-224.0,-130.0,0
167,-10.0,-224.0,-125.0,0
168,-9.0,-225.0,-127.0,0
169,-11.0,-225.0,-127.0,0
170,-10.0,-226.0,-131.0,0
171,-8.0,-227.0,-130.0,0
172,-9.0,-225.0,-130.0,0
173,-9.0,-223.0,-129.0,0
174,-9.0,-225.0,-124.0,0
175,-9.0,-226.0,-127.0,0
176,-8.0,-223.0,-125.0,0
177,-11.0,-225.0,-128.0,0
178,-6.0,-222.0,-129.0,0
179,-10.0,-224.0,-128.0,0
180,-14.0,-222.0,-130.0,0
181,-13.0,-225.0,-130.0,0
182,-11.0,-223.0,-130.0,0
183,-10.0,-224.0,-130.0,0
184,-10.0,-222.0,-127.0,0
185,-10.0,-223.0,-127.0,0
186,-10.0,-222.0,-129.0,0
187,-11.0,-219.0,-128.0,0
188,-10.0,-222.0,-127.0,0
189,-7.0,-224.0,-128.0,0
190,-9.0,-225.0,-124.0,0
191,-11.0,-223.0,-125.0,0
192,-9.0,-221.0,-126.0,0
193,-9.0,-223.0,-124.0,0
194,-9.0,-223.0,-126.0,0
195,-10.0,-225.0,-127.0,0
196,-9.0,-223.0,-125.0,0
197,-9.0,-222.0,-125.0,0
198,-7.0,-225.0,-128.0,0
199,-7.0,-223.0,-131.0,0
200,-5.0,-223.0,-132.0,0
201,-8.0,-226.0,-129.0,0
202,-4.0,-225.0,-132.0,0
203,-5.0,-229.0,-125.0,0
204,-5.0,-212.0,-119.0,0
205,-13.0,-223.0,-126.0,0
206,-14.0,-216.0,-116.0,0
207,-6.0,-215.0,-128.0,0
208,-10.0,-224.0,-132.0,0
209,-6.0,-219.0,-126.0,0
210,-7.0,-225.0,-125.0,0
211,-15.0,-210.0,-132.0,0
212,-8.0,-223.0,-129.0,0
213,-10.0,-221.0,-133.0,0
214,-11.0,-222.0,-125.0,0
215,-10.0,-221.0,-129.0,0
216,-3.0,-203.0,-131.0,0
217,-13.0,-213.0,-132.0,0
218,-11.0,-231.0,-127.0,0
219,-7.0,-230.0,-133.0,0
220,-7.0,-221.0,-128.0,0
221,-10.0,-223.0,-128.0,0
222,-11.0,-227.0,-127.0,0
223,-7.0,-225.0,-130.0,0
224,-13.0,-226.0,-123.0,0
225,-21.0,-231.0,-124.0,0
226,-13.0,-225.0,-124.0,0
227,-11.0,-227.0,-140.0,0
228,-10.0,-225.0,-127.0,0
229,-9.0,-222.0,-131.0,0
230,-8.0,-222.0,-128.0,0
231,-5.0,-224.0,-126.0,0
232,-7.0,-217.0,-125.0,0
233,-3.0,-226.0,-119.0,0
234,-2.0,-233.0,-111.0,0
235,-16.0,-218.0,-125.0,0
236,-9.0,-232.0,-122.0,0
237,-3.0,-232.0,-138.0,0
238,-21.0,-226.0,-127.0,0
239,-13.0,-214.0,-134.0,0
240,-5.0,-219.0,-133.0,0
241,-6.0,-231.0,-134.0,0
242,-10.0,-221.0,-124.0,0
243,-6.0,-227.0,-125.0,0
244,-9.0,-226.0,-130.0,0
245,-13.0,-223.0,-128.0,0
246,-8.0,-226.0,-127.0,0
247,-10.0,-234.0,-136.0,0
248,-12.0,-221.0,-129.0,0
249,-11.0,-217.0,-133.0,0
250,-14.0,-211.0,-121.0,0
251,-8.0,-226.0,-114.0,0
252,-3.0,-223.0,-125.0,0
253,0.0,-223.0,-113.0,0
254,-7.0,-219.0,-125.0,0
255,-9.0,-236.0,-130.0,0
256,-10.0,-220.0,-111.0,0
257,-14.0,-224.0,-119.0,0
258,-14.0,-220.0,-128.0,0
259,-7.0,-224.0,-127.0,0
260,-11.0,-224.0,-129.0,0
261,-9.0,-225.0,-133.0,0
262,-7.0,-225.0,-127.0,0
263,-11.0,-229.0,-132.0,0
264,-8.0,-222.0,-132.0,0
265,-9.0,-220.0,-132.0,0
266,-9.0,-224.0,-126.0,0
267,-13.0,-217.0,-131.0,0
268,-11.0,-224.0,-126.0,0
269,-6.0,-221.0,-123.0,0
270,-11.0,-220.0,-128.0,0
271,-7.0,-218.0,-130.0,0
272,-14.0,-229.0,-121.0,0
273,-3.0,-221.0,-132.0,0
274,-8.0,-223.0,-126.0,0
275,-8.0,-226.0,-128.0,0
276,-10.0,-225.0,-130.0,0
277,-6.0,-225.0,-127.0,0
278,-6.0,-231.0,-120.0,0
279,-7.0,-223.0,-117.0,0
280,-9.0,-223.0,-124.0,0
281,-4.0,-228.0,-134.0,0
282,-6.0,-218.0,-126.0,0
283,-17.0,-223.0,-130.0,0
284,-19.0,-220.0,-123.0,0
285,-14.0,-220.0,-129.0,0
286,-16.0,-220.0,-122.0,0
287,-8.0,-227.0,-117.0,0
288,-11.0,-212.0,-130.0,0
289,-3.0,-224.0,-133.0,0
290,-11.0,-221.0,-126.0,0
291,-13.0,-222.0,-122.0,0
292,-10.0,-221.0,-130.0,0
293,-7.0,-221.0,-133.0,0
294,-8.0,-224.0,-128.0,0
295,-9.0,-221.0,-133.0,0
296,-7.0,-223.0,-130.0,0
297,-7.0,-224.0,-127.0,0
298,-9.0,-223.0,-130.0,0
299,-9.0,-221.0,-130.0,0
300,-13.0,-224.0,-127.0,0
301,-11.0,-225.0,-128.0,0
302,-8.0,-220.0,-133.0,0
303,-10.0,-223.0,-131.0,0
304,-7.0,-222.0,-130.0,0
305,-10.0,-219.0,-124.0,0
306,-10.0,-223.0,-130.0,0
307,-11.0,-224.0,-129.0,0
308,-8.0,-220.0,-129.0,0
309,-8.0,-223.0,-127.0,0
310,-2.0,-215.0,-156.0,0
311,-8.0,-224.0,-133.0,0
312,-6.0,-226.0,-125.0,0
313,-8.0,-221.0,-129.0,0
314,-8.0,-222.0,-130.0,0
315,-4.0,-220.0,-129.0,0
316,-7.0,-223.0,-129.0,0
317,-9.0,-222.0,-130.0,0
318,-9.0,-225.0,-130.0,0
319,-10.0,-225.0,-128.0,0
320,-10.0,-221.0,-131.0,0
321,-7.0,-222.0,-129.0,0
322,-10.0,-222.0,-131.0,0
323,-8.0,-222.0,-130.0,0
324,-8.0,-225.0,-130.0,0
325,-9.0,-222.0,-132.0,0
326,-9.0,-222.0,-130.0,0
327,-11.0,-224.0,-130.0,0
328,-7.0,-222.0,-134.0,0
329,-9.0,-220.0,-129.0,0
330,-10.0,-222.0,-130.0,0
331,-10.0,-220.0,-130.0,0
332,-11.0,-223.0,-134.0,0
333,-9.0,-223.0,-131.0,0
334,-11.0,-220.0,-131.0,0
335,-10.0,-223.0,-131.0,0
336,-9.0,-221.0,-133.0,0
337,-11.0,-219.0,-130.0,0
338,-13.0,-220.0,-128.0,0
339,-7.0,-221.0,-130.0,0
340,-10.0,-222.0,-130.0,0
341,-9.0,-223.0,-129.0,0
342,-10.0,-220.0,-131.0,0
343,-7.0,-219.0,-134.0,0
344,-9.0,-222.0,-131.0,0
345,-9.0,-220.0,-133.0,0
346,-11.0,-218.0,-130.0,0
347,-10.0,-220.0,-131.0,0
348,-11.0,-220.0,-132.0,0
349,-12.0,-219.0,-135.0,0
350,-10.0,-221.0,-131.0,0
351,-10.0,-220.0,-131.0,0
352,-14.0,-220.0,-134.0,0
353,-11.0,-217.0,-133.0,0
354,-12.0,-222.0,-133.0,0
355,-10.0,-221.0,-136.0,0
356,-12.0,-216.0,-131.0,0
357,-12.0,-216.0,-136.0,0
358,-10.0,-218.0,-137.0,0
359,-12.0,-219.0,-134.0,0
360,-12.0,-218.0,-138.0,0
361,-10.0,-217.0,-139.0,0
362,-11.0,-215.0,-134.0,0
363,-11.0,-217.0,-134.0,0
364,-5.0,-218.0,-135.0,0
365,-9.0,-214.0,-140.0,0
366,-9.0,-216.0,-133.0,0
367,-6.0,-214.0,-136.0,0
368,-14.0,-214.0,-136.0,0
369,-9.0,-212.0,-135.0,0
370,-11.0,-214.0,-136.0,0
371,-11.0,-214.0,-134.0,0
372,-14.0,-217.0,-133.0,0
373,-10.0,-217.0,-135.0,0
374,-12.0,-216.0,-135.0,0
375,-17.0,-216.0,-132.0,0
376,-16.0,-216.0,-135.0,0
377,-19.0,-218.0,-133.0,0
378,-17.0,-215.0,-136.0,0
379,-15.0,-218.0,-135.0,0
380,-17.0,-218.0,-135.0,0
381,-16.0,-218.0,-133.0,0
382,-13.0,-216.0,-138.0,0
383,-16.0,-217.0,-135.0,0
384,-15.0,-216.0,-135.0,0
385,-16.0,-215.0,-138.0,0
386,-17.0,-216.0,-127.0,0
387,-13.0,-218.0,-136.0,0
388,-13.0,-216.0,-141.0,0
389,-13.0,-218.0,-137.0,0
390,-17.0,-218.0,-137.0,0
391,-15.0,-218.0,-139.0,0
392,-12.0,-217.0,-135.0,0
393,-15.0,-219.0,-136.0,0
394,-14.0,-217.0,-135.0,0
395,-14.0,-218.0,-139.0,0
396,-14.0,-219.0,-137.0,0
397,-16.0,-219.0,-135.0,0
398,-14.0,-218.0,-138.0,0
399,-16.0,-219.0,-137.0,0
400,-12.0,-219.0,-140.0,0
401,-14.0,-219.0,-135.0,0
402,-17.0,-217.0,-136.0,0
403,-14.0,-215.0,-137.0,0
404,-13.0,-216.0,-138.0,0
405,-15.0,-215.0,-136.0,0
406,-16.0,-219.0,-135.0,0
407,-16.0,-218.0,-138.0,0
408,-21.0,-218.0,-136.0,0
409,-15.0,-215.0,-140.0,0
410,-18.0,-213.0,-139.0,0
411,-18.0,-213.0,-141.0,0
412,-13.0,-213.0,-138.0,0
413,-20.0,-219.0,-138.0,0
414,-18.0,-217.0,-139.0,0
415,-18.0,-214.0,-140.0,0
416,-18.0,-217.0,-140.0,0
417,-21.0,-215.0,-141.0,0
418,-18.0,-217.0,-139.0,0
419,-15.0,-217.0,-141.0,0
420,-19.0,-212.0,-142.0,0
421,-16.0,-212.0,-141.0,0
422,-17.0,-213.0,-141.0,0
423,-15.0,-215.0,-143.0,0
424,-17.0,-211.0,-141.0,0
425,-15.0,-211.0,-144.0,0
426,-15.0,-206.0,-146.0,0
427,-14.0,-206.0,-142.0,0
428,-10.0,-209.0,-146.0,0
429,-14.0,-212.0,-151.0,0
430,-12.0,-206.0,-142.0,0
431,-11.0,-205.0,-145.0,0
432,-17.0,-204.0,-149.0,0
433,-15.0,-205.0,-146.0,0
434,-14.0,-205.0,-147.0,0
435,-15.0,-203.0,-147.0,0
436,-12.0,-206.0,-144.0,0
437,-14.0,-205.0,-144.0,0
438,-17.0,-204.0,-146.0,0
439,-12.0,-202.0,-147.0,0
440,-14.0,-204.0,-150.0,0
441,-16.0,-202.0,-149.0,0
442,-18.0,-203.0,-148.0,0
443,-17.0,-200.0,-149.0,0
444,-17.0,-201.0,-150.0,0
445,-20.0,-198.0,-149.0,0
446,-20.0,-200.0,-149.0,0
447,-21.0,-199.0,-151.0,0
448,-24.0,-199.0,-151.0,0
449,-23.0,-196.0,-151.0,0
450,-22.0,-198.0,-154.0,0
451,-26.0,-202.0,-156.0,0
452,-23.0,-195.0,-152.0,0
453,-23.0,-192.0,-152.0,0
454,-19.0,-191.0,-151.0,0
455,-20.0,-190.0,-152.0,0
456,-20.0,-190.0,-151.0,0
457,-22.0,-188.0,-149.0,0
458,-19.0,-187.0,-152.0,0
459,-20.0,-184.0,-150.0,0
460,-22.0,-186.0,-148.0,0
461,-21.0,-184.0,-150.0,0
462,-22.0,-185.0,-148.0,0
463,-23.0,-185.0,-150.0,0
464,-22.0,-183.0,-149.0,0
465,-23.0,-184.0,-148.0,0
466,-20.0,-184.0,-152.0,0
467,-21.0,-184.0,-149.0,0
468,-23.0,-184.0,-151.0,0
469,-22.0,-185.0,-150.0,0
470,-21.0,-185.0,-150.0,0
471,-24.0,-184.0,-151.0,0
472,-27.0,-185.0,-156.0,0
473,-31.0,-187.0,-162.0,0
474,-30.0,-186.0,-157.0,0
475,-29.0,-186.0,-157.0,0
476,-31.0,-186.0,-159.0,0
477,-31.0,-189.0,-163.0,0
478,-31.0,-187.0,-165.0,0
479,-31.0,-188.0,-161.0,0
480,-31.0,-190.0,-169.0,0
481,-31.0,-191.0,-168.0,0
482,-34.0,-189.0,-169.0,0
483,-30.0,-191.0,-166.0,0
484,-28.0,-188.0,-167.0,0
485,-29.0,-187.0,-166.0,0
486,-28.0,-186.0,-165.0,0
487,-31.0,-188.0,-164.0,0
488,-30.0,-187.0,-167.0,0
489,-28.0,-183.0,-164.0,0
490,-29.0,-181.0,-165.0,0
491,-27.0,-184.0,-167.0,0
492,-23.0,-182.0,-165.0,0
493,-26.0,-180.0,-167.0,0
494,-25.0,-181.0,-169.0,0
495,-25.0,-179.0,-168.0,0
496,-27.0,-181.0,-170.0,0
497,-25.0,-181.0,-168.0,0
498,-28.0,-178.0,-173.0,0
499,-24.0,-179.0,-175.0,0
500,-25.0,-176.0,-172.0,0
501,-23.0,-176.0,-176.0,0
502,-24.0,-175.0,-177.0,0
503,-24.0,-173.0,-174.0,0
504,-26.0,-172.0,-180.0,0
505,-25.0,-170.0,-177.0,0
506,-24.0,-170.0,-175.0,0
507,-26.0,-165.0,-176.0,0
508,-26.0,-165.0,-181.0,0
509,-21.0,-163.0,-176.0,0
510,-20.0,-160.0,-175.0,0
511,-19.0,-161.0,-175.0,0
512,-17.0,-162.0,-180.0,0
513,-20.0,-159.0,-177.0,0
514,-20.0,-158.0,-179.0,0
515,-20.0,-162.0,-179.0,0
516,-22.0,-159.0,-179.0,0
517,-21.0,-158.0,-181.0,0
518,-24.0,-157.0,-177.0,0
519,-23.0,-160.0,-179.0,0
520,-25.0,-156.0,-184.0,0
521,-24.0,-155.0,-184.0,0
522,-23.0,-153.0,-182.0,0
523,-22.0,-150.0,-187.0,0
524,-20.0,-151.0,-183.0,0
525,-19.0,-152.0,-184.0,0
526,-20.0,-148.0,-186.0,0
527,-19.0,-148.0,-189.0,0
528,-17.0,-152.0,-191.0,0
529,-18.0,-146.0,-187.0,0
530,-21.0,-146.0,-185.0,0
531,-20.0,-151.0,-186.0,0
532,-24.0,-147.0,-185.0,0
533,-26.0,-147.0,-185.0,0
534,-26.0,-150.0,-185.0,0
535,-30.0,-147.0,-189.0,0
536,-33.0,-145.0,-186.0,0
537,-37.0,-146.0,-189.0,0
538,-38.0,-149.0,-191.0,0
539,-37.0,-146.0,-191.0,0
540,-40.0,-145.0,-192.0,0
541,-39.0,-149.0,-192.0,0
542,-39.0,-144.0,-194.0,0
543,-40.0,-147.0,-193.0,0
544,-36.0,-146.0,-195.0,0
545,-36.0,-144.0,-197.0,0
546,-36.0,-146.0,-197.0,0
547,-35.0,-142.0,-199.0,0
548,-31.0,-144.0,-202.0,0
549,-28.0,-142.0,-204.0,0
550,-31.0,-140.0,-204.0,0
551,-28.0,-142.0,-205.0,0
552,-30.0,-142.0,-208.0,0
553,-30.0,-144.0,-210.0,0
554,-29.0,-145.0,-208.0,0
555,-30.0,-143.0,-210.0,0
556,-31.0,-141.0,-206.0,0
557,-27.0,-148.0,-211.0,0
558,-30.0,-144.0,-210.0,0
559,-33.0,-144.0,-210.0,0
560,-30.0,-146.0,-210.0,0
561,-33.0,-147.0,-213.0,0
562,-30.0,-142.0,-212.0,0
563,-34.0,-136.0,-212.0,0
564,-30.0,-137.0,-215.0,0
565,-32.0,-131.0,-216.0,0
566,-31.0,-126.0,-217.0,0
567,-26.0,-126.0,-216.0,0
568,-29.0,-122.0,-219.0,0
569,-28.0,-122.0,-222.0,0
570,-30.0,-120.0,-220.0,0
571,-33.0,-120.0,-221.0,0
572,-36.0,-121.0,-226.0,0
573,-37.0,-125.0,-225.0,0
574,-41.0,-124.0,-228.0,0
575,-40.0,-128.0,-230.0,0
576,-39.0,-133.0,-234.0,0
577,-41.0,-132.0,-234.0,0
578,-43.0,-134.0,-237.0,0
579,-46.0,-137.0,-238.0,0
580,-43.0,-138.0,-236.0,0
581,-43.0,-137.0,-237.0,0
582,-37.0,-137.0,-234.0,0
583,-39.0,-140.0,-235.0,0
584,-38.0,-135.0,-231.0,0
585,-35.0,-135.0,-231.0,0
586,-37.0,-132.0,-230.0,0
587,-35.0,-125.0,-226.0,0
588,-36.0,-125.0,-230.0,0
589,-36.0,-125.0,-227.0,0
590,-35.0,-120.0,-223.0,0
591,-40.0,-121.0,-221.0,0
592,-43.0,-120.0,-220.0,0
593,-44.0,-120.0,-221.0,0
594,-46.0,-118.0,-225.0,0
595,-47.0,-120.0,-223.0,0
596,-48.0,-120.0,-223.0,0
597,-50.0,-118.0,-223.0,0
598,-53.0,-117.0,-222.0,0
599,-51.0,-116.0,-226.0,0
600,-51.0,-117.0,-224.0,0
601,-52.0,-119.0,-225.0,0
602,-53.0,-113.0,-222.0,0
603,-55.0,-114.0,-226.0,0
604,-47.0,-110.0,-224.0,0
605,-48.0,-104.0,-224.0,0
606,-44.0,-103.0,-223.0,0
607,-42.0,-101.0,-223.0,0
608,-35.0,-96.0,-222.0,0
609,-32.0,-94.0,-221.0,0
610,-31.0,-93.0,-222.0,0
611,-25.0,-90.0,-222.0,0
612,-22.0,-86.0,-222.0,0
613,-18.0,-91.0,-223.0,0
614,-15.0,-94.0,-225.0,0
615,-13.0,-95.0,-225.0,0
616,-13.0,-94.0,-223.0,0
617,-10.0,-96.0,-228.0,0
618,-13.0,-98.0,-228.0,0
619,-17.0,-101.0,-229.0,0
620,-19.0,-103.0,-233.0,0
621,-22.0,-106.0,-228.0,0
622,-28.0,-102.0,-225.0,0
623,-31.0,-102.0,-228.0,0
624,-36.0,-104.0,-230.0,0
625,-39.0,-105.0,-226.0,0
626,-40.0,-104.0,-226.0,0
627,-45.0,-98.0,-224.0,0
628,-44.0,-99.0,-224.0,0
629,-48.0,-96.0,-227.0,0
630,-53.0,-92.0,-227.0,0
631,-49.0,-87.0,-230.0,0
632,-49.0,-85.0,-228.0,0
633,-43.0,-82.0,-228.0,0
634,-41.0,-80.0,-233.0,0
635,-35.0,-80.0,-234.0,0
636,-34.0,-77.0,-239.0,0
637,-34.0,-78.0,-239.0,0
638,-29.0,-78.0,-236.0,0
639,-26.0,-79.0,-241.0,0
640,-26.0,-82.0,-243.0,0
641,-26.0,-79.0,-245.0,0
642,-26.0,-81.0,-247.0,0
643,-26.0,-79.0,-242.0,0
644,-24.0,-81.0,-245.0,0
645,-27.0,-80.0,-243.0,0
646,-27.0,-81.0,-243.0,0
647,-30.0,-80.0,-247.0,0
648,-29.0,-81.0,-243.0,0
649,-32.0,-79.0,-244.0,0
650,-34.0,-77.0,-244.0,0
651,-39.0,-75.0,-243.0,0
652,-34.0,-74.0,-244.0,0
653,-37.0,-72.0,-244.0,0
654,-38.0,-72.0,-246.0,0
655,-40.0,-69.0,-245.0,0
656,-36.0,-69.0,-246.0,0
657,-38.0,-66.0,-244.0,0
658,-33.0,-64.0,-247.0,0
659,-34.0,-61.0,-248.0,0
660,-33.0,-64.0,-253.0,0
661,-32.0,-61.0,-251.0,0
662,-31.0,-63.0,-250.0,0
663,-29.0,-66.0,-253.0,0
664,-31.0,-65.0,-251.0,0
665,-30.0,-66.0,-254.0,0
666,-27.0,-65.0,-249.0,0
667,-31.0,-67.0,-254.0,0
668,-20.0,-63.0,-255.0,0
669,-31.0,-64.0,-252.0,0
670,-30.0,-63.0,-253.0,0
671,-34.0,-68.0,-251.0,0
672,-33.0,-63.0,-257.0,0
673,-36.0,-58.0,-253.0,0
674,-33.0,-58.0,-255.0,0
675,-40.0,-56.0,-257.0,0
676,-37.0,-57.0,-256.0,0
677,-38.0,-53.0,-258.0,0
678,-36.0,-52.0,-260.0,0
679,-38.0,-50.0,-260.0,0
680,-37.0,-50.0,-265.0,0
681,-37.0,-47.0,-262.0,0
682,-35.0,-46.0,-261.0,0
683,-35.0,-49.0,-263.0,0
684,-33.0,-48.0,-264.0,0
685,-37.0,-49.0,-261.0,0
686,-32.0,-48.0,-260.0,0
687,-32.0,-48.0,-258.0,0
688,-31.0,-54.0,-261.0,0
689,-33.0,-53.0,-259.0,0
690,-26.0,-55.0,-254.0,0
691,-29.0,-51.0,-257.0,0
692,-28.0,-53.0,-263.0,0
693,-31.0,-52.0,-262.0,0
694,-31.0,-52.0,-258.0,0
695,-30.0,-50.0,-257.0,0
696,-31.0,-51.0,-260.0,0
697,-31.0,-46.0,-260.0,0
698,-27.0,-50.0,-257.0,0
699,-27.0,-44.0,-254.0,0
700,-27.0,-47.0,-255.0,0
701,-27.0,-46.0,-255.0,0
702,-26.0,-49.0,-254.0,0
703,-33.0,-46.0,-251.0,0
704,-26.0,-41.0,-253.0,0
705,-24.0,-45.0,-252.0,0
706,-24.0,-43.0,-251.0,0
707,-26.0,-46.0,-250.0,0
708,-26.0,-50.0,-252.0,0
709,-24.0,-47.0,-246.0,0
710,-25.0,-46.0,-253.0,0
711,-25.0,-43.0,-250.0,0
712,-26.0,-42.0,-250.0,0
713,-26.0,-41.0,-250.0,0
714,-25.0,-42.0,-251.0,0
715,-23.0,-43.0,-251.0,0
716,-27.0,-38.0,-255.0,0
717,-26.0,-41.0,-252.0,0
718,-25.0,-36.0,-247.0,0
719,-22.0,-41.0,-248.0,0
720,-24.0,-39.0,-245.0,0
721,-22.0,-42.0,-239.0,0
722,-23.0,-36.0,-247.0,0
723,-18.0,-43.0,-244.0,0
724,-19.0,-40.0,-244.0,0
725,-20.0,-40.0,-243.0,0
726,-20.0,-43.0,-243.0,0
727,-25.0,-41.0,-241.0,0
728,-19.0,-40.0,-240.0,0
729,-24.0,-36.0,-237.0,0
730,-22.0,-33.0,-238.0,0
731,-22.0,-35.0,-241.0,0
732,-24.0,-32.0,-229.0,0
733,-21.0,-35.0,-234.0,0
734,-26.0,-29.0,-234.0,0
735,-25.0,-30.0,-234.0,0
736,-26.0,-30.0,-234.0,0
737,-28.0,-32.0,-233.0,0
738,-31.0,-32.0,-233.0,0
739,-36.0,-30.0,-233.0,0
740,-35.0,-32.0,-232.0,0
741,-36.0,-30.0,-234.0,0
742,-36.0,-28.0,-237.0,0
743,-40.0,-27.0,-243.0,0
744,-38.0,-30.0,-238.0,0
745,-35.0,-31.0,-241.0,0
746,-34.0,-31.0,-244.0,0
747,-29.0,-33.0,-242.0,0
748,-29.0,-34.0,-241.0,0
749,-29.0,-37.0,-240.0,0
750,-29.0,-33.0,-242.0,0
751,-23.0,-36.0,-243.0,0
752,-22.0,-36.0,-238.0,0
753,-20.0,-37.0,-237.0,0
754,-21.0,-35.0,-237.0,0
755,-15.0,-36.0,-237.0,0
756,-18.0,-32.0,-234.0,0
757,-14.0,-35.0,-233.0,0
758,-14.0,-39.0,-234.0,0
759,-12.0,-37.0,-236.0,0
760,-12.0,-40.0,-236.0,0
761,-12.0,-38.0,-233.0,0
762,-8.0,-39.0,-238.0,0
763,-6.0,-41.0,-238.0,0
764,-7.0,-41.0,-241.0,0
765,-8.0,-39.0,-244.0,0
766,-9.0,-42.0,-244.0,0
767,-13.0,-40.0,-245.0,0
768,-11.0,-40.0,-247.0,0
769,-21.0,-41.0,-247.0,0
770,-17.0,-42.0,-248.0,0
771,-18.0,-38.0,-249.0,0
772,-26.0,-37.0,-253.0,0
773,-30.0,-39.0,-257.0,0
774,-32.0,-37.0,-259.0,0
775,-34.0,-38.0,-261.0,0
776,-37.0,-38.0,-259.0,0
777,-38.0,-35.0,-263.0,0
778,-40.0,-36.0,-259.0,0
779,-41.0,-33.0,-253.0,0
780,-44.0,-39.0,-260.0,0
781,-45.0,-39.0,-253.0,0
782,-45.0,-42.0,-255.0,0
783,-44.0,-44.0,-258.0,0
784,-47.0,-41.0,-259.0,0
785,-49.0,-40.0,-258.0,0
786,-42.0,-41.0,-253.0,0
787,-46.0,-45.0,-248.0,0
788,-42.0,-36.0,-250.0,0
789,-42.0,-37.0,-252.0,0
790,-40.0,-38.0,-251.0,0
791,-42.0,-37.0,-256.0,0
792,-39.0,-40.0,-249.0,0
793,-41.0,-42.0,-250.0,0
794,-44.0,-41.0,-249.0,0
795,-44.0,-43.0,-250.0,0
796,-43.0,-44.0,-249.0,0
797,-45.0,-42.0,-249.0,0
798,-45.0,-45.0,-250.0,0
799,-46.0,-42.0,-247.0,0
800,-48.0,-40.0,-246.0,0
801,-51.0,-42.0,-250.0,0
802,-52.0,-44.0,-246.0,0
803,-53.0,-44.0,-246.0,0
804,-55.0,-44.0,-248.0,0
805,-51.0,-43.0,-248.0,0
806,-56.0,-40.0,-248.0,0
807,-57.0,-40.0,-246.0,0
808,-53.0,-43.0,-249.0,0
809,-53.0,-43.0,-248.0,0
810,-59.0,-40.0,-247.0,0
811,-58.0,-39.0,-245.0,0
812,-56.0,-43.0,-246.0,0
813,-55.0,-42.0,-245.0,0
814,-56.0,-46.0,-248.0,0
815,-59.0,-45.0,-246.0,0
816,-59.0,-43.0,-249.0,0
817,-55.0,-46.0,-240.0,0
818,-57.0,-42.0,-248.0,0
819,-56.0,-45.0,-246.0,0
820,-57.0,-44.0,-246.0,0
821,-56.0,-42.0,-249.0,0
822,-54.0,-47.0,-252.0,0
823,-55.0,-47.0,-249.0,0
824,-55.0,-50.0,-250.0,0
825,-56.0,-50.0,-246.0,0
826,-52.0,-46.0,-248.0,0
827,-54.0,-48.0,-250.0,0
828,-56.0,-48.0,-246.0,0
829,-56.0,-50.0,-250.0,0
830,-50.0,-48.0,-246.0,0
831,-61.0,-46.0,-248.0,0
832,-56.0,-46.0,-252.0,0
833,-58.0,-47.0,-254.0,0
834,-57.0,-49.0,-251.0,0
835,-55.0,-50.0,-250.0,0
836,-62.0,-49.0,-247.0,0
837,-60.0,-48.0,-250.0,0
838,-58.0,-52.0,-246.0,0
839,-57.0,-48.0,-249.0,0
840,-57.0,-46.0,-253.0,0
841,-56.0,-48.0,-253.0,0
842,-55.0,-50.0,-253.0,0
843,-58.0,-49.0,-251.0,0
844,-56.0,-51.0,-249.0,0
845,-64.0,-44.0,-246.0,0
846,-48.0,-47.0,-252.0,0
847,-56.0,-49.0,-251.0,0
848,-58.0,-52.0,-246.0,0
849,-58.0,-52.0,-254.0,0
850,-57.0,-52.0,-254.0,0
851,-56.0,-56.0,-254.0,0
852,-56.0,-55.0,-253.0,0
853,-55.0,-56.0,-254.0,0
854,-54.0,-56.0,-255.0,0
855,-55.0,-56.0,-257.0,0
856,-52.0,-58.0,-257.0,0
857,-54.0,-58.0,-256.0,0
858,-59.0,-54.0,-256.0,0
859,-56.0,-57.0,-254.0,0
860,-54.0,-61.0,-258.0,0
861,-56.0,-56.0,-253.0,0
862,-61.0,-55.0,-255.0,0
863,-59.0,-57.0,-255.0,0
864,-60.0,-57.0,-252.0,0
865,-56.0,-56.0,-255.0,0
866,-56.0,-55.0,-252.0,0
867,-53.0,-57.0,-252.0,0
868,-51.0,-57.0,-252.0,0
869,-50.0,-56.0,-249.0,0
870,-48.0,-58.0,-252.0,0
871,-48.0,-61.0,-251.0,0
872,-48.0,-60.0,-250.0,0
873,-48.0,-64.0,-248.0,0
874,-46.0,-63.0,-246.0,0
875,-51.0,-61.0,-247.0,0
876,-45.0,-64.0,-245.0,0
877,-46.0,-65.0,-247.0,0
878,-46.0,-65.0,-245.0,0
879,-47.0,-64.0,-248.0,0
880,-45.0,-66.0,-246.0,0
881,-47.0,-64.0,-246.0,0
882,-44.0,-58.0,-254.0,0
883,-47.0,-63.0,-243.0,0
884,-50.0,-64.0,-241.0,0
885,-51.0,-60.0,-241.0,0
886,-50.0,-60.0,-246.0,0
887,-49.0,-63.0,-245.0,0
888,-47.0,-64.0,-242.0,0
889,-48.0,-61.0,-242.0,0
890,-47.0,-66.0,-245.0,0
891,-43.0,-64.0,-242.0,0
892,-44.0,-67.0,-242.0,0
893,-44.0,-68.0,-244.0,0
894,-41.0,-69.0,-245.0,0
895,-44.0,-70.0,-244.0,0
896,-41.0,-72.0,-244.0,0
897,-43.0,-75.0,-245.0,0
898,-43.0,-77.0,-243.0,0
899,-48.0,-76.0,-245.0,0
900,-46.0,-76.0,-247.0,0
901,-47.0,-75.0,-248.0,0
902,-47.0,-77.0,-240.0,0
903,-50.0,-81.0,-245.0,0
904,-46.0,-80.0,-248.0,0
905,-45.0,-78.0,-246.0,0
906,-47.0,-78.0,-244.0,0
907,-49.0,-76.0,-248.0,0
908,-48.0,-75.0,-246.0,0
909,-48.0,-78.0,-248.0,0
910,-47.0,-76.0,-247.0,0
911,-46.0,-78.0,-243.0,0
912,-47.0,-78.0,-247.0,0
913,-45.0,-80.0,-247.0,0
914,-49.0,-83.0,-251.0,0
915,-46.0,-82.0,-246.0,0
916,-44.0,-81.0,-247.0,0
917,-45.0,-85.0,-244.0,0
918,-44.0,-89.0,-247.0,0
919,-44.0,-87.0,-245.0,0
920,-40.0,-92.0,-245.0,0
921,-45.0,-90.0,-241.0,0
922,-44.0,-92.0,-245.0,0
923,-43.0,-88.0,-243.0,0
924,-44.0,-94.0,-260.0,0
925,-45.0,-89.0,-248.0,0
926,-41.0,-94.0,-240.0,0
927,-44.0,-93.0,-242.0,0
928,-45.0,-97.0,-243.0,0
929,-44.0,-97.0,-245.0,0
930,-48.0,-97.0,-246.0,0
931,-46.0,-100.0,-243.0,0
932,-49.0,-104.0,-243.0,0
933,-52.0,-107.0,-242.0,0
934,-54.0,-107.0,-238.0,0
935,-53.0,-109.0,-245.0,0
936,-53.0,-109.0,-242.0,0
937,-53.0,-112.0,-242.0,0
938,-50.0,-111.0,-247.0,0
939,-50.0,-114.0,-245.0,0
940,-49.0,-113.0,-247.0,0
941,-52.0,-117.0,-246.0,0
942,-49.0,-120.0,-247.0,0
943,-51.0,-123.0,-246.0,0
944,-53.0,-121.0,-241.0,0
945,-52.0,-121.0,-245.0,0
946,-56.0,-125.0,-244.0,0
947,-51.0,-127.0,-242.0,0
948,-54.0,-130.0,-238.0,0
949,-53.0,-132.0,-243.0,0
950,-52.0,-138.0,-237.0,0
951,-50.0,-140.0,-232.0,0
952,-50.0,-142.0,-239.0,0
953,-49.0,-145.0,-236.0,0
954,-44.0,-147.0,-237.0,0
955,-43.0,-147.0,-236.0,0
956,-40.0,-152.0,-234.0,0
957,-39.0,-155.0,-240.0,0
958,-43.0,-154.0,-237.0,0
959,-36.0,-159.0,-239.0,0
960,-36.0,-156.0,-236.0,0
961,-35.0,-155.0,-231.0,0
962,-37.0,-159.0,-230.0,0
963,-38.0,-159.0,-219.0,0
964,-42.0,-157.0,-217.0,0
965,-40.0,-156.0,-211.0,0
966,-37.0,-157.0,-205.0,0
967,-39.0,-156.0,-193.0,0
968,-43.0,-158.0,-189.0,0
969,-45.0,-158.0,-179.0,0
970,-48.0,-158.0,-169.0,0
971,-48.0,-160.0,-167.0,0
972,-44.0,-162.0,-165.0,0
973,-46.0,-167.0,-157.0,0
974,-43.0,-165.0,-155.0,0
975,-44.0,-166.0,-161.0,0
976,-39.0,-168.0,-155.0,0
977,-40.0,-169.0,-159.0,0
978,-39.0,-167.0,-158.0,0
979,-44.0,-172.0,-163.0,0
980,-43.0,-175.0,-165.0,0
981,-41.0,-176.0,-161.0,0
982,-43.0,-179.0,-165.0,0
983,-43.0,-184.0,-161.0,0
984,-42.0,-183.0,-162.0,0
985,-41.0,-188.0,-164.0,0
986,-45.0,-190.0,-163.0,0
987,-47.0,-189.0,-162.0,0
988,-46.0,-193.0,-160.0,0
989,-45.0,-194.0,-156.0,0
990,-44.0,-197.0,-157.0,0
991,-47.0,-193.0,-155.0,0
992,-45.0,-195.0,-155.0,0
993,-43.0,-190.0,-156.0,0
994,-41.0,-191.0,-151.0,0
995,-42.0,-189.0,-155.0,0
996,-37.0,-187.0,-151.0,0
997,-37.0,-189.0,-148.0,0
998,-34.0,-186.0,-149.0,0
999,-34.0,-189.0,-150.0,0
1000,-28.0,-192.0,-148.0,0
1001,-30.0,-191.0,-148.0,0
1002,-30.0,-189.0,-153.0,0
1003,-28.0,-193.0,-149.0,0
1004,-28.0,-191.0,-149.0,0
1005,-26.0,-194.0,-148.0,0
1006,-27.0,-189.0,-149.0,0
1007,-28.0,-191.0,-148.0,0
1008,-31.0,-193.0,-149.0,0
1009,-26.0,-196.0,-150.0,0
1010,-33.0,-196.0,-147.0,0
1011,-34.0,-197.0,-144.0,0
1012,-32.0,-194.0,-147.0,0
1013,-33.0,-194.0,-144.0,0
1014,-37.0,-198.0,-148.0,0
1015,-34.0,-198.0,-141.0,0
1016,-32.0,-200.0,-143.0,0
1017,-37.0,-197.0,-143.0,0
1018,-37.0,-199.0,-144.0,0
1019,-39.0,-199.0,-141.0,0
1020,-38.0,-200.0,-146.0,0
1021,-37.0,-203.0,-143.0,0
1022,-39.0,-203.0,-142.0,0
1023,-39.0,-206.0,-144.0,0
1024,-38.0,-206.0,-147.0,0
1025,-36.0,-207.0,-144.0,0
1026,-37.0,-204.0,-141.0,0
1027,-35.0,-206.0,-142.0,0
1028,-33.0,-206.0,-144.0,0
1029,-27.0,-211.0,-145.0,0
1030,-27.0,-210.0,-143.0,0
1031,-29.0,-208.0,-146.0,0
1032,-26.0,-202.0,-145.0,0
1033,-23.0,-205.0,-144.0,0
1034,-24.0,-210.0,-142.0,0
1035,-28.0,-204.0,-141.0,0
1036,-29.0,-205.0,-143.0,0
1037,-28.0,-206.0,-143.0,0
1038,-31.0,-206.0,-142.0,0
1039,-30.0,-212.0,-143.0,0
1040,-32.0,-207.0,-141.0,0
1041,-38.0,-207.0,-142.0,0
1042,-38.0,-211.0,-145.0,0
1043,-41.0,-206.0,-145.0,0
1044,-39.0,-208.0,-145.0,0
1045,-40.0,-211.0,-146.0,0
1046,-45.0,-209.0,-142.0,0
1047,-40.0,-212.0,-144.0,0
1048,-44.0,-213.0,-143.0,0
1049,-42.0,-212.0,-146.0,0
1050,-41.0,-212.0,-146.0,0
1051,-39.0,-211.0,-148.0,0
1052,-39.0,-212.0,-148.0,0
1053,-37.0,-206.0,-149.0,0
1054,-48.0,-211.0,-153.0,0
1055,-34.0,-209.0,-150.0,0
1056,-32.0,-210.0,-146.0,0
1057,-34.0,-209.0,-148.0,0
1058,-31.0,-212.0,-148.0,0
1059,-28.0,-208.0,-148.0,0
1060,-28.0,-209.0,-148.0,0
1061,-28.0,-210.0,-147.0,0
1062,-25.0,-210.0,-149.0,0
1063,-27.0,-212.0,-148.0,0
1064,-28.0,-206.0,-150.0,0
1065,-26.0,-207.0,-147.0,0
1066,-30.0,-210.0,-145.0,0
1067,-28.0,-207.0,-148.0,0
1068,-30.0,-208.0,-148.0,0
1069,-31.0,-210.0,-147.0,0
1070,-30.0,-205.0,-148.0,0
1071,-30.0,-206.0,-146.0,0
1072,-31.0,-207.0,-149.0,0
1073,-32.0,-207.0,-147.0,0
1074,-30.0,-207.0,-147.0,0
1075,-30.0,-206.0,-149.0,0
1076,-26.0,-212.0,-148.0,0
1077,-32.0,-207.0,-147.0,0
1078,-30.0,-206.0,-145.0,0
1079,-31.0,-208.0,-146.0,0
1080,-28.0,-209.0,-144.0,0
1081,-30.0,-208.0,-147.0,0
1082,-27.0,-210.0,-147.0,0
1083,-33.0,-213.0,-145.0,0
1084,-31.0,-211.0,-144.0,0
1085,-31.0,-208.0,-147.0,0
1086,-29.0,-208.0,-149.0,0
1087,-27.0,-208.0,-148.0,0
1088,-26.0,-208.0,-150.0,0
1089,-28.0,-212.0,-146.0,0
1090,-26.0,-211.0,-147.0,0
1091,-28.0,-214.0,-149.0,0
1092,-32.0,-211.0,-149.0,0
1093,-28.0,-210.0,-149.0,0
1094,-28.0,-213.0,-153.0,0
1095,-27.0,-210.0,-150.0,0
1096,-27.0,-211.0,-155.0,0
1097,-26.0,-212.0,-158.0,0
1098,-24.0,-212.0,-150.0,0
1099,-27.0,-204.0,-154.0,0
1100,-27.0,-206.0,-157.0,0
1101,-27.0,-202.0,-152.0,0
1102,-31.0,-201.0,-155.0,0
1103,-31.0,-201.0,-153.0,0
1104,-33.0,-201.0,-153.0,0
1105,-31.0,-204.0,-153.0,0
1106,-34.0,-199.0,-154.0,0
1107,-32.0,-201.0,-152.0,0
1108,-34.0,-201.0,-153.0,0
1109,-35.0,-200.0,-154.0,0
1110,-34.0,-202.0,-151.0,0
1111,-35.0,-203.0,-154.0,0
1112,-36.0,-202.0,-154.0,0
1113,-34.0,-202.0,-150.0,0
1114,-36.0,-202.0,-151.0,0
1115,-37.0,-203.0,-152.0,0
1116,-36.0,-207.0,-149.0,0
1117,-37.0,-203.0,-150.0,0
1118,-37.0,-205.0,-150.0,0
1119,-36.0,-209.0,-148.0,0
1120,-38.0,-210.0,-144.0,0
1121,-34.0,-210.0,-151.0,0
1122,-37.0,-210.0,-149.0,0
1123,-39.0,-210.0,-147.0,0
1124,-37.0,-208.0,-149.0,0
1125,-36.0,-213.0,-147.0,0
1126,-40.0,-208.0,-150.0,0
1127,-42.0,-206.0,-146.0,0
1128,-36.0,-211.0,-145.0,0
1129,-37.0,-208.0,-148.0,0
1130,-36.0,-211.0,-149.0,0
1131,-39.0,-208.0,-148.0,0
1132,-37.0,-207.0,-147.0,0
1133,-35.0,-209.0,-150.0,0
1134,-37.0,-203.0,-148.0,0
1135,-40.0,-206.0,-147.0,0
1136,-37.0,-209.0,-146.0,0
1137,-40.0,-207.0,-150.0,0
1138,-39.0,-207.0,-149.0,0
1139,-38.0,-206.0,-146.0,0
1140,-36.0,-207.0,-149.0,0
1141,-38.0,-207.0,-151.0,0
1142,-37.0,-209.0,-149.0,0
1143,-36.0,-211.0,-148.0,0
1144,-38.0,-208.0,-147.0,0
1145,-39.0,-207.0,-148.0,0
1146,-34.0,-207.0,-149.0,0
1147,-39.0,-206.0,-151.0,0
1148,-36.0,-205.0,-150.0,0
1149,-35.0,-206.0,-150.0,0
1150,-33.0,-207.0,-151.0,0
1151,-37.0,-208.0,-148.0,0
1152,-32.0,-208.0,-149.0,0
1153,-35.0,-205.0,-149.0,0
1154,-36.0,-205.0,-151.0,0
1155,-34.0,-207.0,-149.0,0
1156,-33.0,-208.0,-154.0,0
1157,-33.0,-203.0,-152.0,0
1158,-34.0,-205.0,-150.0,0
1159,-34.0,-206.0,-149.0,0
1160,-29.0,-208.0,-148.0,0
1161,-30.0,-204.0,-153.0,0
1162,-29.0,-207.0,-152.0,0
1163,-33.0,-207.0,-150.0,0
1164,-30.0,-203.0,-151.0,0
1165,-30.0,-204.0,-149.0,0
1166,-31.0,-203.0,-153.0,0
1167,-31.0,-204.0,-152.0,0
1168,-29.0,-206.0,-151.0,0
1169,-30.0,-205.0,-155.0,0
1170,-31.0,-203.0,-150.0,0
1171,-33.0,-205.0,-153.0,0
1172,-30.0,-204.0,-150.0,0
1173,-31.0,-204.0,-148.0,0
1174,-27.0,-205.0,-146.0,0
1175,-31.0,-206.0,-150.0,0
1176,-32.0,-206.0,-153.0,0
1177,-27.0,-204.0,-149.0,0
1178,-28.0,-205.0,-147.0,0
1179,-33.0,-206.0,-151.0,0
1180,-34.0,-205.0,-150.0,0
1181,-30.0,-205.0,-150.0,0
1182,-33.0,-209.0,-148.0,0
1183,-32.0,-207.0,-148.0,0
1184,-30.0,-206.0,-146.0,0
1185,-32.0,-203.0,-145.0,0
1186,-35.0,-206.0,-146.0,0
1187,-36.0,-204.0,-146.0,0
1188,-35.0,-208.0,-145.0,0
1189,-36.0,-205.0,-145.0,0
1190,-34.0,-207.0,-143.0,0
1191,-34.0,-208.0,-146.0,0
1192,-37.0,-206.0,-141.0,0
1193,-36.0,-205.0,-143.0,0
1194,-35.0,-206.0,-145.0,0
1195,-31.0,-208.0,-146.0,0
1196,-33.0,-207.0,-149.0,0
1197,-33.0,-208.0,-148.0,0
1198,-33.0,-207.0,-148.0,0
1199,-33.0,-208.0,-150.0,0
1200,-28.0,-207.0,-153.0,0
1201,-31.0,-208.0,-152.0,0
1202,-29.0,-206.0,-152.0,0
1203,-24.0,-207.0,-150.0,0
1204,-24.0,-205.0,-152.0,0
1205,-25.0,-206.0,-153.0,0
1206,-29.0,-206.0,-155.0,0
1207,-24.0,-204.0,-154.0,0
1208,-21.0,-206.0,-152.0,0
1209,-21.0,-203.0,-154.0,0
1210,-23.0,-201.0,-156.0,0
1211,-23.0,-198.0,-155.0,0
1212,-20.0,-201.0,-155.0,0
1213,-20.0,-198.0,-156.0,0
1214,-20.0,-199.0,-154.0,0
1215,-22.0,-200.0,-157.0,0
1216,-24.0,-198.0,-155.0,0
1217,-23.0,-197.0,-158.0,0
1218,-24.0,-198.0,-157.0,0
1219,-23.0,-199.0,-159.0,0
1220,-22.0,-202.0,-155.0,0
1221,-22.0,-201.0,-155.0,0
1222,-21.0,-203.0,-161.0,0
1223,-19.0,-202.0,-157.0,0
1224,-20.0,-202.0,-161.0,0
1225,-23.0,-201.0,-158.0,0
1226,-24.0,-201.0,-158.0,0
1227,-21.0,-204.0,-158.0,0
1228,-22.0,-202.0,-159.0,0
1229,-19.0,-203.0,-157.0,0
1230,-24.0,-202.0,-162.0,0
1231,-24.0,-199.0,-160.0,0
1232,-20.0,-201.0,-162.0,0
1233,-22.0,-203.0,-157.0,0
1234,-19.0,-203.0,-160.0,0
1235,-19.0,-203.0,-156.0,0
1236,-20.0,-200.0,-157.0,0
1237,-18.0,-204.0,-158.0,0
1238,-20.0,-199.0,-160.0,0
1239,-22.0,-201.0,-159.0,0
1240,-20.0,-204.0,-160.0,0
1241,-20.0,-203.0,-162.0,0
1242,-21.0,-201.0,-160.0,0
1243,-22.0,-200.0,-158.0,0
1244,-23.0,-200.0,-161.0,0
1245,-22.0,-200.0,-160.0,0
1246,-25.0,-201.0,-161.0,0
1247,-21.0,-202.0,-160.0,0
1248,-23.0,-203.0,-161.0,0
1249,-26.0,-201.0,-161.0,0
1250,-25.0,-201.0,-161.0,0
1251,-24.0,-201.0,-161.0,0
1252,-24.0,-202.0,-162.0,0
1253,-25.0,-203.0,-159.0,0
1254,-25.0,-201.0,-159.0,0
1255,-24.0,-203.0,-159.0,0
1256,-25.0,-204.0,-154.0,0
1257,-28.0,-198.0,-161.0,0
1258,-24.0,-199.0,-159.0,0
1259,-24.0,-203.0,-153.0,0
1260,-26.0,-203.0,-156.0,0
1261,-24.0,-202.0,-157.0,0
1262,-24.0,-201.0,-155.0,0
1263,-26.0,-202.0,-157.0,0
1264,-24.0,-202.0,-157.0,0
1265,-24.0,-202.0,-158.0,0
1266,-24.0,-199.0,-155.0,0
1267,-23.0,-199.0,-159.0,0
1268,-23.0,-200.0,-157.0,0
1269,-25.0,-197.0,-157.0,0
1270,-21.0,-199.0,-158.0,0
1271,-25.0,-196.0,-154.0,0
1272,-20.0,-200.0,-157.0,0
1273,-23.0,-197.0,-156.0,0
1274,-22.0,-201.0,-157.0,0
1275,-23.0,-202.0,-158.0,0
1276,-23.0,-198.0,-156.0,0
1277,-26.0,-203.0,-159.0,0
1278,-20.0,-198.0,-163.0,0
1279,-21.0,-203.0,-160.0,0
1280,-20.0,-199.0,-160.0,0
1281,-24.0,-197.0,-160.0,0
1282,-23.0,-198.0,-165.0,0
1283,-27.0,-196.0,-161.0,0
1284,-26.0,-197.0,-162.0,0
1285,-26.0,-196.0,-160.0,0
1286,-29.0,-195.0,-159.0,0
1287,-29.0,-197.0,-156.0,0
1288,-28.0,-198.0,-158.0,0
1289,-29.0,-197.0,-161.0,0
1290,-28.0,-200.0,-161.0,0
1291,-26.0,-200.0,-161.0,0
1292,-28.0,-200.0,-163.0,0
1293,-30.0,-199.0,-164.0,0
1294,-27.0,-201.0,-165.0,0
1295,-23.0,-201.0,-160.0,0
1296,-27.0,-199.0,-162.0,0
1297,-21.0,-200.0,-163.0,0
1298,-23.0,-196.0,-170.0,0
1299,-19.0,-200.0,-163.0,0
1300,-18.0,-201.0,-164.0,0
1301,-21.0,-198.0,-165.0,0
1302,-20.0,-198.0,-167.0,0
1303,-19.0,-200.0,-161.0,0
1304,-18.0,-200.0,-161.0,0
1305,-21.0,-199.0,-163.0,0
1306,-22.0,-195.0,-166.0,0
1307,-22.0,-197.0,-164.0,0
1308,-22.0,-198.0,-166.0,0
1309,-19.0,-200.0,-161.0,0
1310,-21.0,-199.0,-160.0,0
1311,-22.0,-194.0,-156.0,0
1312,-23.0,-194.0,-157.0,0
1313,-23.0,-197.0,-161.0,0
1314,-23.0,-198.0,-159.0,0
1315,-25.0,-196.0,-155.0,0
1316,-24.0,-197.0,-158.0,0
1317,-25.0,-197.0,-164.0,0
1318,-27.0,-198.0,-160.0,0
1319,-27.0,-198.0,-159.0,0
1320,-25.0,-198.0,-161.0,0
1321,-25.0,-199.0,-160.0,0
1322,-26.0,-199.0,-157.0,0
1323,-26.0,-202.0,-160.0,0
1324,-27.0,-201.0,-158.0,0
1325,-25.0,-199.0,-161.0,0
1326,-23.0,-199.0,-156.0,0
1327,-24.0,-200.0,-156.0,0
1328,-22.0,-203.0,-157.0,0
1329,-24.0,-199.0,-158.0,0
1330,-23.0,-203.0,-159.0,0
1331,-22.0,-200.0,-159.0,0
1332,-25.0,-201.0,-159.0,0
1333,-25.0,-202.0,-162.0,0
1334,-24.0,-201.0,-158.0,0
1335,-22.0,-203.0,-157.0,0
1336,-24.0,-203.0,-156.0,0
1337,-23.0,-200.0,-157.0,0
1338,-21.0,-203.0,-153.0,0
1339,-24.0,-200.0,-159.0,0
1340,-25.0,-200.0,-157.0,0
1341,-23.0,-200.0,-156.0,0
1342,-22.0,-201.0,-159.0,0
1343,-23.0,-203.0,-154.0,0
1344,-23.0,-199.0,-159.0,0
1345,-24.0,-200.0,-153.0,0
1346,-26.0,-197.0,-157.0,0
1347,-25.0,-201.0,-156.0,0
1348,-23.0,-200.0,-153.0,0
1349,-22.0,-205.0,-157.0,0
1350,-22.0,-199.0,-153.0,0
1351,-27.0,-201.0,-157.0,0
1352,-26.0,-200.0,-154.0,0
1353,-26.0,-201.0,-152.0,0
1354,-26.0,-204.0,-156.0,0
1355,-25.0,-203.0,-157.0,0
1356,-26.0,-203.0,-153.0,0
1357,-27.0,-202.0,-155.0,0
1358,-23.0,-204.0,-155.0,0
1359,-25.0,-201.0,-157.0,0
1360,-24.0,-202.0,-158.0,0
1361,-25.0,-204.0,-158.0,0
1362,-26.0,-202.0,-155.0,0
1363,-26.0,-204.0,-154.0,0
1364,-26.0,-201.0,-155.0,0
1365,-26.0,-203.0,-153.0,0
1366,-24.0,-204.0,-152.0,0
1367,-23.0,-204.0,-151.0,0
1368,-27.0,-202.0,-154.0,0
1369,-28.0,-202.0,-156.0,0
1370,-25.0,-203.0,-152.0,0
1371,-30.0,-201.0,-155.0,0
1372,-25.0,-201.0,-152.0,0
1373,-27.0,-202.0,-154.0,0
1374,-27.0,-204.0,-152.0,0
1375,-26.0,-204.0,-156.0,0
1376,-25.0,-202.0,-156.0,0
1377,-27.0,-200.0,-156.0,0
1378,-29.0,-201.0,-151.0,0
1379,-28.0,-204.0,-153.0,0
1380,-28.0,-203.0,-156.0,0
1381,-22.0,-199.0,-149.0,0
1382,-27.0,-207.0,-156.0,0
1383,-29.0,-201.0,-154.0,0
1384,-26.0,-206.0,-154.0,0
1385,-28.0,-207.0,-154.0,0
1386,-27.0,-204.0,-154.0,0
1387,-27.0,-202.0,-156.0,0
1388,-28.0,-203.0,-158.0,0
1389,-27.0,-203.0,-152.0,0
1390,-25.0,-204.0,-153.0,0
1391,-28.0,-197.0,-154.0,0
1392,-28.0,-201.0,-158.0,0
1393,-24.0,-204.0,-155.0,0
1394,-27.0,-201.0,-158.0,0
1395,-27.0,-200.0,-154.0,0
1396,-21.0,-202.0,-153.0,0
1397,-27.0,-202.0,-154.0,0
1398,-26.0,-204.0,-157.0,0
1399,-28.0,-203.0,-154.0,0
1400,-26.0,-206.0,-152.0,0
1401,-29.0,-202.0,-156.0,0
1402,-26.0,-206.0,-154.0,0
1403,-23.0,-203.0,-153.0,0
1404,-27.0,-203.0,-154.0,0
1405,-26.0,-204.0,-154.0,0
1406,-30.0,-204.0,-157.0,0
1407,-29.0,-200.0,-152.0,0
1408,-26.0,-199.0,-151.0,0
1409,-25.0,-199.0,-153.0,0
1410,-26.0,-201.0,-153.0,0
1411,-26.0,-204.0,-151.0,0
1412,-24.0,-201.0,-150.0,0
1413,-25.0,-203.0,-151.0,0
1414,-27.0,-203.0,-154.0,0
1415,-26.0,-205.0,-154.0,0
1416,-26.0,-206.0,-152.0,0
1417,-26.0,-203.0,-152.0,0
1418,-27.0,-205.0,-152.0,0
1419,-23.0,-207.0,-152.0,0
1420,-28.0,-205.0,-153.0,0
1421,-24.0,-204.0,-153.0,0
1422,-26.0,-206.0,-155.0,0
1423,-23.0,-204.0,-154.0,0
1424,-26.0,-205.0,-154.0,0
1425,-25.0,-204.0,-156.0,0
1426,-25.0,-204.0,-156.0,0
1427,-28.0,-201.0,-153.0,0
1428,-26.0,-206.0,-150.0,0
1429,-27.0,-203.0,-151.0,0
1430,-24.0,-208.0,-151.0,0
1431,-26.0,-208.0,-153.0,0
1432,-26.0,-206.0,-157.0,0
1433,-27.0,-207.0,-151.0,0
1434,-21.0,-206.0,-152.0,0
1435,-26.0,-207.0,-153.0,0
1436,-26.0,-202.0,-154.0,0
1437,-23.0,-205.0,-154.0,0
1438,-24.0,-204.0,-154.0,0
1439,-26.0,-202.0,-152.0,0
1440,-25.0,-203.0,-154.0,0
1441,-22.0,-203.0,-153.0,0
1442,-24.0,-201.0,-154.0,0
1443,-23.0,-202.0,-155.0,0
1444,-23.0,-199.0,-153.0,0
1445,-23.0,-202.0,-153.0,0
1446,-21.0,-201.0,-152.0,0
1447,-21.0,-205.0,-152.0,0
1448,-20.0,-204.0,-154.0,0
1449,-22.0,-205.0,-153.0,0
1450,-26.0,-202.0,-150.0,0
1451,-24.0,-206.0,-151.0,0
1452,-24.0,-205.0,-157.0,0
1453,-26.0,-205.0,-152.0,0
1454,-27.0,-202.0,-151.0,0
1455,-25.0,-206.0,-152.0,0
1456,-22.0,-202.0,-155.0,0
1457,-25.0,-204.0,-151.0,0
1458,-26.0,-206.0,-154.0,0
1459,-25.0,-205.0,-151.0,0
1460,-24.0,-207.0,-152.0,0
1461,-26.0,-204.0,-151.0,0
1462,-23.0,-206.0,-152.0,0
1463,-24.0,-206.0,-156.0,0
1464,-27.0,-206.0,-153.0,0
1465,-25.0,-208.0,-150.0,0
1466,-24.0,-207.0,-151.0,0
1467,-26.0,-205.0,-153.0,0
1468,-21.0,-202.0,-153.0,0
1469,-24.0,-203.0,-151.0,0
1470,-27.0,-205.0,-151.0,0
1471,-24.0,-204.0,-151.0,0
1472,-27.0,-205.0,-151.0,0
1473,-23.0,-201.0,-154.0,0
1474,-26.0,-207.0,-148.0,0
1475,-27.0,-204.0,-154.0,0
1476,-27.0,-206.0,-152.0,0
1477,-25.0,-206.0,-155.0,0
1478,-27.0,-204.0,-152.0,0
1479,-28.0,-203.0,-151.0,0
1480,-28.0,-204.0,-152.0,0
1481,-25.0,-204.0,-152.0,0
1482,-27.0,-203.0,-153.0,0
1483,-25.0,-202.0,-152.0,0
1484,-28.0,-203.0,-153.0,0
1485,-27.0,-205.0,-155.0,0
1486,-29.0,-203.0,-150.0,0
1487,-27.0,-204.0,-153.0,0
1488,-28.0,-205.0,-149.0,0
1489,-28.0,-205.0,-153.0,0
1490,-29.0,-207.0,-155.0,0
1491,-28.0,-204.0,-152.0,0
1492,-27.0,-205.0,-156.0,0
1493,-25.0,-207.0,-152.0,0
1494,-26.0,-209.0,-155.0,0
1495,-27.0,-206.0,-152.0,0
1496,-26.0,-204.0,-156.0,0
1497,-26.0,-204.0,-153.0,0
1498,-26.0,-204.0,-152.0,0
1499,-23.0,-203.0,-151.0,0
1500,-26.0,-202.0,-155.0,0
1501,-22.0,-205.0,-154.0,0
1502,-22.0,-206.0,-153.0,0
1503,-21.0,-204.0,-153.0,0
1504,-25.0,-204.0,-153.0,0
1505,-26.0,-200.0,-149.0,0
1506,-25.0,-205.0,-153.0,0
1507,-25.0,-204.0,-151.0,0
1508,-24.0,-204.0,-153.0,0
1509,-28.0,-205.0,-151.0,0
1510,-25.0,-203.0,-152.0,0
1511,-25.0,-205.0,-150.0,0
1512,-26.0,-205.0,-153.0,0
1513,-25.0,-206.0,-151.0,0
1514,-27.0,-203.0,-153.0,0
1515,-27.0,-203.0,-149.0,0
1516,-29.0,-204.0,-153.0,0
1517,-27.0,-205.0,-150.0,0
1518,-25.0,-205.0,-149.0,0
1519,-25.0,-205.0,-155.0,0
1520,-27.0,-210.0,-150.0,0
1521,-26.0,-203.0,-152.0,0
1522,-28.0,-205.0,-153.0,0
1523,-27.0,-208.0,-154.0,0
1524,-24.0,-208.0,-154.0,0
1525,-27.0,-207.0,-156.0,0
1526,-28.0,-207.0,-153.0,0
1527,-26.0,-206.0,-152.0,0
1528,-25.0,-205.0,-153.0,0
1529,-26.0,-208.0,-154.0,0
1530,-25.0,-204.0,-150.0,0
1531,-24.0,-207.0,-153.0,0
1532,-24.0,-210.0,-154.0,0
1533,-26.0,-206.0,-154.0,0
1534,-29.0,-206.0,-153.0,0
1535,-27.0,-205.0,-154.0,0
1536,-23.0,-206.0,-152.0,0
1537,-25.0,-202.0,-154.0,0
1538,-26.0,-203.0,-154.0,0
1539,-27.0,-201.0,-154.0,0
1540,-25.0,-205.0,-155.0,0
1541,-28.0,-200.0,-155.0,0
1542,-27.0,-202.0,-155.0,0
1543,-25.0,-204.0,-153.0,0
1544,-24.0,-204.0,-154.0,0
1545,-27.0,-205.0,-157.0,0
1546,-26.0,-206.0,-155.0,0
1547,-26.0,-204.0,-152.0,0
1548,-25.0,-208.0,-152.0,0
1549,-27.0,-207.0,-160.0,0
1550,-28.0,-209.0,-156.0,0
1551,-28.0,-208.0,-153.0,0
1552,-25.0,-209.0,-156.0,0
1553,-26.0,-211.0,-153.0,0
1554,-23.0,-209.0,-155.0,0
1555,-26.0,-205.0,-156.0,0
1556,-28.0,-205.0,-158.0,0
1557,-25.0,-208.0,-155.0,0
1558,-26.0,-203.0,-153.0,0
1559,-23.0,-204.0,-151.0,0
1560,-22.0,-201.0,-156.0,0
1561,-19.0,-204.0,-155.0,0
1562,-23.0,-205.0,-149.0,0
1563,-23.0,-204.0,-156.0,0
1564,-24.0,-202.0,-151.0,0
1565,-24.0,-205.0,-149.0,0
1566,-21.0,-204.0,-143.0,0
1567,-23.0,-204.0,-148.0,0
1568,-30.0,-203.0,-148.0,0
1569,-27.0,-206.0,-144.0,0
1570,-30.0,-202.0,-146.0,0
1571,-30.0,-204.0,-148.0,0
1572,-33.0,-202.0,-150.0,0
1573,-26.0,-206.0,-148.0,0
1574,-26.0,-201.0,-150.0,0
1575,-26.0,-203.0,-147.0,0
1576,-29.0,-205.0,-148.0,0
1577,-26.0,-205.0,-148.0,0
1578,-26.0,-204.0,-149.0,0
1579,-24.0,-208.0,-147.0,0
1580,-26.0,-205.0,-149.0,0
1581,-25.0,-206.0,-148.0,0
1582,-24.0,-208.0,-151.0,0
1583,-24.0,-206.0,-149.0,0
1584,-27.0,-208.0,-155.0,0
1585,-26.0,-208.0,-154.0,0
1586,-21.0,-208.0,-154.0,0
1587,-24.0,-207.0,-154.0,0
1588,-24.0,-209.0,-155.0,0
1589,-24.0,-208.0,-152.0,0
1590,-21.0,-208.0,-154.0,0
1591,-21.0,-204.0,-151.0,0
1592,-18.0,-207.0,-152.0,0
1593,-17.0,-205.0,-150.0,0
1594,-14.0,-208.0,-150.0,0
1595,-14.0,-206.0,-152.0,0
1596,-13.0,-208.0,-149.0,0
1597,-14.0,-209.0,-153.0,0
1598,-16.0,-210.0,-143.0,0
1599,-11.0,-211.0,-158.0,0
1600,-14.0,-209.0,-152.0,0
1601,-17.0,-207.0,-153.0,0
1602,-19.0,-210.0,-149.0,0
1603,-21.0,-205.0,-153.0,0
1604,-23.0,-206.0,-150.0,0
1605,-26.0,-201.0,-150.0,0
1606,-25.0,-202.0,-151.0,0
1607,-26.0,-202.0,-149.0,0
1608,-25.0,-201.0,-150.0,0
1609,-26.0,-202.0,-150.0,0
1610,-24.0,-196.0,-148.0,0
1611,-25.0,-202.0,-147.0,0
1612,-23.0,-199.0,-151.0,0
1613,-20.0,-199.0,-150.0,0
1614,-22.0,-197.0,-151.0,0
1615,-19.0,-197.0,-151.0,0
1616,-20.0,-196.0,-151.0,0
1617,-19.0,-196.0,-151.0,0
1618,-21.0,-194.0,-156.0,0
1619,-24.0,-197.0,-154.0,0
1620,-29.0,-201.0,-153.0,0
1621,-26.0,-195.0,-160.0,0
1622,-30.0,-200.0,-157.0,0
1623,-32.0,-199.0,-158.0,0
1624,-31.0,-201.0,-154.0,0
1625,-34.0,-202.0,-156.0,0
1626,-34.0,-204.0,-157.0,0
1627,-35.0,-200.0,-153.0,0
1628,-33.0,-203.0,-150.0,0
1629,-36.0,-202.0,-154.0,0
1630,-33.0,-203.0,-156.0,0
1631,-31.0,-201.0,-150.0,0
1632,-27.0,-204.0,-149.0,0
1633,-29.0,-201.0,-148.0,0
1634,-24.0,-205.0,-153.0,0
1635,-22.0,-207.0,-152.0,0
1636,-25.0,-202.0,-150.0,0
1637,-21.0,-204.0,-149.0,0
1638,-23.0,-203.0,-152.0,0
1639,-19.0,-206.0,-150.0,0
1640,-20.0,-205.0,-152.0,0
1641,-18.0,-206.0,-154.0,0
1642,-16.0,-205.0,-157.0,0
1643,-17.0,-204.0,-159.0,0
1644,-16.0,-205.0,-159.0,0
1645,-14.0,-204.0,-159.0,0
1646,-11.0,-201.0,-159.0,0
1647,-13.0,-200.0,-161.0,0
1648,-14.0,-203.0,-160.0,0
1649,-16.0,-202.0,-162.0,0
1650,-15.0,-205.0,-161.0,0
1651,-18.0,-204.0,-161.0,0
1652,-22.0,-202.0,-158.0,0
1653,-24.0,-206.0,-159.0,0
1654,-25.0,-200.0,-160.0,0
1655,-28.0,-201.0,-157.0,0
1656,-30.0,-199.0,-157.0,0
1657,-30.0,-199.0,-156.0,0
1658,-32.0,-199.0,-156.0,0
1659,-32.0,-196.0,-157.0,0
1660,-33.0,-199.0,-156.0,0
1661,-34.0,-196.0,-159.0,0
1662,-30.0,-194.0,-156.0,0
1663,-29.0,-192.0,-153.0,0
1664,-31.0,-199.0,-161.0,0
1665,-25.0,-194.0,-157.0,0
1666,-21.0,-190.0,-159.0,0
1667,-20.0,-192.0,-159.0,0
1668,-15.0,-192.0,-162.0,0
1669,-16.0,-191.0,-157.0,0
1670,-20.0,-191.0,-156.0,0
1671,-15.0,-190.0,-163.0,0
1672,-14.0,-191.0,-160.0,0
1673,-14.0,-191.0,-162.0,0
1674,-17.0,-192.0,-164.0,0
1675,-17.0,-195.0,-166.0,0
1676,-17.0,-195.0,-167.0,0
1677,-17.0,-196.0,-164.0,0
1678,-19.0,-198.0,-165.0,0
1679,-21.0,-194.0,-165.0,0
1680,-22.0,-200.0,-165.0,0
1681,-19.0,-198.0,-168.0,0
1682,-21.0,-196.0,-161.0,0
1683,-23.0,-195.0,-163.0,0
1684,-24.0,-195.0,-162.0,0
1685,-20.0,-196.0,-163.0,0
1686,-18.0,-188.0,-158.0,0
1687,-20.0,-190.0,-158.0,0
1688,-23.0,-187.0,-160.0,0
1689,-24.0,-186.0,-158.0,0
1690,-23.0,-184.0,-151.0,0
1691,-18.0,-185.0,-154.0,0
1692,-21.0,-182.0,-150.0,0
1693,-18.0,-183.0,-153.0,0
1694,-16.0,-186.0,-151.0,0
1695,-14.0,-191.0,-153.0,0
1696,-12.0,-187.0,-156.0,0
1697,-12.0,-190.0,-157.0,0
1698,-7.0,-193.0,-157.0,0
1699,-4.0,-190.0,-164.0,0
1700,-3.0,-187.0,-167.0,0
1701,-2.0,-184.0,-170.0,0
1702,-5.0,-184.0,-169.0,0
1703,-4.0,-183.0,-172.0,0
1704,-6.0,-179.0,-173.0,0
1705,-9.0,-178.0,-177.0,0
1706,-16.0,-176.0,-177.0,0
1707,-18.0,-175.0,-183.0,0
1708,-20.0,-176.0,-178.0,0
1709,-27.0,-168.0,-179.0,0
1710,-28.0,-169.0,-177.0,0
1711,-30.0,-169.0,-174.0,0
1712,-33.0,-171.0,-178.0,0
1713,-36.0,-169.0,-177.0,0
1714,-37.0,-171.0,-179.0,0
1715,-34.0,-172.0,-181.0,0
1716,-37.0,-173.0,-177.0,0
1717,-34.0,-176.0,-178.0,0
1718,-33.0,-177.0,-181.0,0
1719,-33.0,-177.0,-178.0,0
1720,-29.0,-176.0,-183.0,0
1721,-25.0,-179.0,-184.0,0
1722,-24.0,-179.0,-187.0,0
1723,-22.0,-180.0,-188.0,0
1724,-18.0,-178.0,-192.0,0
1725,-20.0,-173.0,-197.0,0
1726,-19.0,-173.0,-196.0,0
1727,-20.0,-169.0,-196.0,0
1728,-21.0,-165.0,-198.0,0
1729,-20.0,-167.0,-200.0,0
1730,-31.0,-161.0,-195.0,0
1731,-34.0,-159.0,-198.0,0
1732,-38.0,-160.0,-195.0,0
1733,-38.0,-160.0,-198.0,0
1734,-43.0,-163.0,-196.0,0
1735,-46.0,-159.0,-197.0,0
1736,-43.0,-166.0,-200.0,0
1737,-47.0,-166.0,-203.0,0
1738,-38.0,-166.0,-203.0,0
1739,-34.0,-166.0,-205.0,0
1740,-31.0,-166.0,-208.0,0
1741,-29.0,-159.0,-211.0,0
1742,-25.0,-154.0,-210.0,0
1743,-30.0,-148.0,-213.0,0
1744,-31.0,-146.0,-215.0,0
1745,-33.0,-140.0,-217.0,0
1746,-32.0,-132.0,-220.0,0
1747,-32.0,-119.0,-226.0,0
1748,-38.0,-112.0,-224.0,0
1749,-41.0,-103.0,-231.0,0
1750,-49.0,-98.0,-235.0,0
1751,-50.0,-96.0,-233.0,0
1752,-47.0,-94.0,-241.0,0
1753,-51.0,-95.0,-235.0,0
1754,-46.0,-98.0,-244.0,0
1755,-50.0,-95.0,-244.0,0
1756,-53.0,-94.0,-251.0,0
1757,-53.0,-96.0,-261.0,0
1758,-61.0,-106.0,-265.0,0
1759,-62.0,-104.0,-271.0,0
1760,-69.0,-108.0,-280.0,0
1761,-73.0,-108.0,-280.0,0
1762,-74.0,-104.0,-285.0,0
1763,-72.0,-97.0,-287.0,0
1764,-65.0,-97.0,-295.0,0
1765,-63.0,-98.0,-295.0,0
1766,-56.0,-99.0,-302.0,0
1767,-49.0,-95.0,-311.0,0
1768,-40.0,-89.0,-308.0,0
1769,-31.0,-91.0,-310.0,0
1770,-22.0,-91.0,-311.0,0
1771,-17.0,-87.0,-308.0,0
1772,-2.0,-88.0,-304.0,0
1773,-4.0,-91.0,-307.0,0
1774,-1.0,-89.0,-311.0,0
1775,-4.0,-85.0,-313.0,0
1776,-9.0,-81.0,-311.0,0
1777,-16.0,-78.0,-310.0,0
1778,-18.0,-80.0,-311.0,0
1779,-24.0,-80.0,-304.0,0
1780,-27.0,-80.0,-301.0,0
1781,-28.0,-79.0,-300.0,0
1782,-30.0,-73.0,-298.0,0
1783,-33.0,-68.0,-300.0,0
1784,-33.0,-65.0,-298.0,0
1785,-33.0,-65.0,-295.0,0
1786,-31.0,-64.0,-295.0,0
1787,-27.0,-63.0,-296.0,0
1788,-28.0,-59.0,-294.0,0
1789,-26.0,-59.0,-300.0,0
1790,-27.0,-59.0,-295.0,0
1791,-32.0,-57.0,-297.0,0
1792,-30.0,-59.0,-295.0,0
1793,-31.0,-62.0,-290.0,0
1794,-25.0,-57.0,-295.0,0
1795,-23.0,-58.0,-295.0,0
1796,-20.0,-60.0,-287.0,0
1797,-20.0,-58.0,-290.0,0
1798,-16.0,-62.0,-288.0,0
1799,-19.0,-62.0,-286.0,0
1800,-18.0,-64.0,-282.0,0
1801,-14.0,-65.0,-277.0,0
1802,-11.0,-64.0,-276.0,0
1803,-12.0,-60.0,-272.0,0
1804,-12.0,-62.0,-265.0,0
1805,-8.0,-66.0,-263.0,0
1806,-6.0,-68.0,-257.0,0
1807,-9.0,-65.0,-253.0,0
1808,-8.0,-63.0,-254.0,0
1809,-9.0,-60.0,-252.0,0
1810,-8.0,-55.0,-252.0,0
1811,-7.0,-53.0,-257.0,0
1812,-7.0,-50.0,-250.0,0
1813,-2.0,-49.0,-255.0,0
1814,-3.0,-46.0,-253.0,0
1815,0.0,-47.0,-254.0,0
1816,-2.0,-42.0,-255.0,0
1817,-1.0,-46.0,-256.0,0
1818,1.0,-44.0,-258.0,0
1819,2.0,-47.0,-266.0,0
1820,3.0,-47.0,-262.0,0
1821,3.0,-47.0,-265.0,0
1822,4.0,-41.0,-262.0,0
1823,4.0,-45.0,-259.0,0
1824,2.0,-38.0,-254.0,0
1825,4.0,-40.0,-251.0,0
1826,0.0,-38.0,-248.0,0
1827,-6.0,-37.0,-244.0,0
1828,-4.0,-41.0,-244.0,0
1829,-4.0,-45.0,-240.0,0
1830,-8.0,-45.0,-244.0,0
1831,-7.0,-47.0,-241.0,0
1832,-6.0,-51.0,-240.0,0
1833,-10.0,-49.0,-240.0,0
1834,-10.0,-52.0,-236.0,0
1835,-10.0,-52.0,-242.0,0
1836,-11.0,-52.0,-240.0,0
1837,-7.0,-51.0,-238.0,0
1838,-1.0,-50.0,-239.0,0
1839,0.0,-47.0,-241.0,0
1840,8.0,-49.0,-243.0,0
1841,12.0,-47.0,-248.0,0
1842,19.0,-42.0,-249.0,0
1843,22.0,-40.0,-252.0,0
1844,22.0,-36.0,-256.0,0
1845,27.0,-39.0,-258.0,0
1846,26.0,-43.0,-259.0,0
1847,26.0,-48.0,-257.0,0
1848,20.0,-47.0,-260.0,0
1849,18.0,-49.0,-263.0,0
1850,18.0,-53.0,-264.0,0
1851,18.0,-57.0,-262.0,0
1852,15.0,-60.0,-265.0,0
1853,11.0,-57.0,-262.0,0
1854,9.0,-60.0,-261.0,0
1855,8.0,-61.0,-259.0,0
1856,7.0,-65.0,-253.0,0
1857,4.0,-64.0,-254.0,0
1858,1.0,-63.0,-253.0,0
1859,1.0,-59.0,-257.0,0
1860,1.0,-57.0,-255.0,0
1861,3.0,-57.0,-259.0,0
1862,0.0,-49.0,-257.0,0
1863,0.0,-50.0,-259.0,0
1864,-3.0,-52.0,-253.0,0
1865,-8.0,-46.0,-259.0,0
1866,-6.0,-48.0,-257.0,0
1867,-9.0,-48.0,-258.0,0
1868,-13.0,-50.0,-253.0,0
1869,-10.0,-55.0,-250.0,0
1870,-12.0,-55.0,-252.0,0
1871,-10.0,-60.0,-253.0,0
1872,-11.0,-60.0,-251.0,0
1873,-14.0,-59.0,-252.0,0
1874,-12.0,-63.0,-254.0,0
1875,-13.0,-62.0,-253.0,0
1876,-15.0,-65.0,-257.0,0
1877,-12.0,-66.0,-257.0,0
1878,-14.0,-65.0,-253.0,0
1879,-15.0,-63.0,-256.0,0
1880,-11.0,-69.0,-254.0,0
1881,-13.0,-72.0,-258.0,0
1882,-11.0,-73.0,-250.0,0
1883,-15.0,-73.0,-254.0,0
1884,-16.0,-76.0,-250.0,0
1885,-13.0,-80.0,-249.0,0
1886,-11.0,-84.0,-246.0,0
1887,-9.0,-91.0,-244.0,0
1888,-8.0,-89.0,-243.0,0
1889,-6.0,-95.0,-234.0,0
1890,-6.0,-95.0,-234.0,0
1891,-1.0,-101.0,-234.0,0
1892,-2.0,-103.0,-232.0,0
1893,-3.0,-104.0,-232.0,0
1894,-4.0,-103.0,-225.0,0
1895,-4.0,-108.0,-223.0,0
1896,-2.0,-107.0,-225.0,0
1897,-4.0,-105.0,-227.0,0
1898,-3.0,-107.0,-222.0,0
1899,-1.0,-101.0,-227.0,0
1900,-1.0,-107.0,-227.0,0
1901,-3.0,-105.0,-226.0,0
1902,-4.0,-108.0,-226.0,0
1903,-3.0,-107.0,-228.0,0
1904,-4.0,-110.0,-224.0,0
1905,0.0,-114.0,-222.0,0
1906,0.0,-116.0,-222.0,0
1907,0.0,-120.0,-222.0,0
1908,0.0,-119.0,-219.0,0
1909,1.0,-122.0,-217.0,0
1910,0.0,-121.0,-212.0,0
1911,0.0,-122.0,-215.0,0
1912,2.0,-121.0,-217.0,0
1913,4.0,-128.0,-214.0,0
1914,2.0,-128.0,-208.0,0
1915,0.0,-126.0,-206.0,0
1916,0.0,-131.0,-203.0,0
1917,-3.0,-129.0,-205.0,0
1918,-5.0,-127.0,-202.0,0
1919,-7.0,-128.0,-201.0,0
1920,-10.0,-126.0,-197.0,0
1921,-10.0,-123.0,-199.0,0
1922,-12.0,-119.0,-196.0,0
1923,-19.0,-120.0,-192.0,0
1924,-15.0,-122.0,-191.0,0
1925,-15.0,-120.0,-195.0,0
1926,-15.0,-119.0,-193.0,0
1927,-18.0,-117.0,-191.0,0
1928,-19.0,-117.0,-190.0,0
1929,-17.0,-119.0,-186.0,0
1930,-16.0,-122.0,-187.0,0
1931,-20.0,-124.0,-188.0,0
1932,-21.0,-125.0,-185.0,0
1933,-20.0,-128.0,-182.0,0
1934,-22.0,-130.0,-182.0,0
1935,-16.0,-132.0,-179.0,0
1936,-17.0,-131.0,-181.0,0
1937,-21.0,-135.0,-176.0,0
1938,-22.0,-134.0,-175.0,0
1939,-22.0,-135.0,-172.0,0
1940,-30.0,-139.0,-172.0,0
1941,-24.0,-139.0,-172.0,0
1942,-30.0,-137.0,-176.0,0
1943,-29.0,-134.0,-173.0,0
1944,-21.0,-137.0,-175.0,0
1945,-26.0,-138.0,-172.0,0
1946,-29.0,-141.0,-176.0,0
1947,-29.0,-139.0,-174.0,0
1948,-28.0,-145.0,-172.0,0
1949,-29.0,-142.0,-174.0,0
1950,-29.0,-150.0,-169.0,0
1951,-27.0,-151.0,-171.0,0
1952,-26.0,-151.0,-170.0,0
1953,-25.0,-152.0,-167.0,0
1954,-24.0,-151.0,-172.0,0
1955,-18.0,-155.0,-167.0,0
1956,-14.0,-155.0,-168.0,0
1957,-11.0,-152.0,-168.0,0
1958,-12.0,-151.0,-169.0,0
1959,-6.0,-156.0,-166.0,0
1960,-8.0,-156.0,-171.0,0
1961,-6.0,-154.0,-165.0,0
1962,-6.0,-154.0,-170.0,0
1963,-8.0,-154.0,-168.0,0
1964,-6.0,-151.0,-166.0,0
1965,-11.0,-158.0,-165.0,0
1966,-8.0,-155.0,-166.0,0
1967,-13.0,-155.0,-166.0,0
1968,-17.0,-157.0,-166.0,0
1969,-19.0,-157.0,-168.0,0
1970,-20.0,-157.0,-166.0,0
1971,-26.0,-154.0,-169.0,0
1972,-29.0,-159.0,-169.0,0
1973,-27.0,-157.0,-169.0,0
1974,-26.0,-157.0,-166.0,0
1975,-23.0,-160.0,-166.0,0
1976,-22.0,-160.0,-170.0,0
1977,-23.0,-159.0,-165.0,0
1978,-23.0,-159.0,-165.0,0
1979,-11.0,-170.0,-168.0,0
1980,-16.0,-172.0,-164.0,0
1981,-14.0,-175.0,-160.0,0
1982,-7.0,-178.0,-159.0,0
1983,-4.0,-179.0,-157.0,0
1984,-2.0,-185.0,-159.0,0
1985,1.0,-187.0,-160.0,0
1986,1.0,-185.0,-156.0,0
1987,7.0,-193.0,-164.0,0
1988,6.0,-191.0,-157.0,0
1989,8.0,-194.0,-152.0,0
1990,10.0,-194.0,-155.0,0
1991,11.0,-195.0,-152.0,0
1992,11.0,-196.0,-157.0,0
1993,9.0,-193.0,-155.0,0
1994,5.0,-195.0,-155.0,0
1995,4.0,-191.0,-158.0,0
1996,5.0,-192.0,-161.0,0
1997,2.0,-192.0,-161.0,0
1998,3.0,-190.0,-159.0,0
1999,1.0,-189.0,-159.0,0
2000,0.0,-187.0,-160.0,0
2001,0.0,-187.0,-152.0,0
2002,0.0,-190.0,-153.0,0
2003,-5.0,-189.0,-154.0,0
2004,-6.0,-189.0,-151.0,0
2005,-8.0,-189.0,-152.0,0
2006,-6.0,-192.0,-148.0,0
2007,-10.0,-191.0,-148.0,0
2008,-13.0,-189.0,-145.0,0
2009,-7.0,-195.0,-148.0,0
2010,-11.0,-188.0,-143.0,0
2011,-22.0,-189.0,-146.0,0
2012,-14.0,-191.0,-145.0,0
2013,-10.0,-193.0,-143.0,0
2014,-14.0,-194.0,-140.0,0
2015,-14.0,-188.0,-142.0,0
2016,-14.0,-192.0,-145.0,0
2017,-16.0,-188.0,-144.0,0
2018,-14.0,-187.0,-146.0,0
2019,-14.0,-191.0,-142.0,0
2020,-17.0,-191.0,-145.0,0
2021,-14.0,-193.0,-148.0,0
2022,-16.0,-193.0,-147.0,0
2023,-16.0,-193.0,-147.0,0
2024,-18.0,-196.0,-149.0,0
2025,-19.0,-195.0,-146.0,0
2026,-17.0,-201.0,-149.0,0
2027,-17.0,-200.0,-144.0,0
2028,-18.0,-204.0,-149.0,0
2029,-21.0,-206.0,-146.0,0
2030,-19.0,-209.0,-144.0,0
2031,-27.0,-203.0,-149.0,0
2032,-20.0,-210.0,-142.0,0
2033,-19.0,-211.0,-145.0,0
2034,-17.0,-213.0,-143.0,0
2035,-18.0,-215.0,-139.0,0
2036,-17.0,-215.0,-140.0,0
2037,-17.0,-214.0,-140.0,0
2038,-11.0,-215.0,-139.0,0
2039,-14.0,-215.0,-141.0,0
2040,-7.0,-212.0,-135.0,0
2041,-4.0,-215.0,-141.0,0
2042,-4.0,-214.0,-137.0,0
2043,-6.0,-212.0,-136.0,0
2044,-3.0,-211.0,-141.0,0
2045,-1.0,-211.0,-131.0,0
2046,0.0,-211.0,-138.0,0
2047,-1.0,-212.0,-133.0,0
2048,-1.0,-216.0,-136.0,0
2049,-1.0,-217.0,-135.0,0
2050,-6.0,-214.0,-135.0,0
2051,-3.0,-216.0,-133.0,0
2052,-3.0,-218.0,-137.0,0
2053,-9.0,-217.0,-133.0,0
2054,-10.0,-216.0,-137.0,0
2055,-9.0,-220.0,-134.0,0
2056,-8.0,-220.0,-132.0,0
2057,-5.0,-223.0,-136.0,0
2058,-7.0,-226.0,-139.0,0
2059,-5.0,-226.0,-137.0,0
2060,-4.0,-226.0,-138.0,0
2061,-1.0,-228.0,-136.0,0
2062,-6.0,-231.0,-132.0,0
2063,0.0,-230.0,-136.0,0
2064,0.0,-229.0,-129.0,0
2065,-2.0,-229.0,-129.0,0
2066,0.0,-228.0,-132.0,0
2067,-2.0,-225.0,-127.0,0
2068,-2.0,-223.0,-128.0,0
2069,-2.0,-223.0,-127.0,0
2070,0.0,-224.0,-127.0,0
2071,-3.0,-222.0,-126.0,0
2072,-3.0,-220.0,-124.0,0
2073,-4.0,-220.0,-123.0,0
2074,-6.0,-219.0,-131.0,0
2075,-9.0,-218.0,-127.0,0
2076,-10.0,-218.0,-123.0,0
2077,-11.0,-219.0,-124.0,0
2078,-10.0,-219.0,-124.0,0
2079,-8.0,-220.0,-126.0,0
2080,-12.0,-216.0,-128.0,0
2081,-9.0,-218.0,-130.0,0
2082,-9.0,-219.0,-129.0,0
2083,-9.0,-219.0,-127.0,0
2084,-7.0,-219.0,-131.0,0
2085,-5.0,-220.0,-129.0,0
2086,-5.0,-224.0,-126.0,0
2087,-3.0,-227.0,-127.0,0
2088,0.0,-224.0,-126.0,0
2089,0.0,-225.0,-125.0,0
2090,-2.0,-221.0,-125.0,0
2091,0.0,-223.0,-127.0,0
2092,0.0,-226.0,-127.0,0
2093,1.0,-228.0,-127.0,0
2094,1.0,-225.0,-128.0,0
2095,0.0,-224.0,-122.0,0
2096,-1.0,-229.0,-132.0,0
2097,-1.0,-225.0,-124.0,0
2098,-1.0,-226.0,-125.0,0
2099,-1.0,-225.0,-127.0,0
2100,-2.0,-225.0,-126.0,0
2101,-3.0,-227.0,-125.0,0
2102,-7.0,-221.0,-127.0,0
2103,0.0,-228.0,-124.0,0
2104,-2.0,-230.0,-125.0,0
2105,-2.0,-228.0,-126.0,0
2106,-3.0,-227.0,-124.0,0
2107,-3.0,-226.0,-125.0,0
2108,-4.0,-223.0,-126.0,0
2109,-4.0,-225.0,-121.0,0
2110,-3.0,-227.0,-124.0,0
2111,-6.0,-225.0,-124.0,0
2112,-2.0,-224.0,-121.0,0
2113,-3.0,-226.0,-122.0,0
2114,-6.0,-224.0,-125.0,0
2115,-6.0,-226.0,-125.0,0
2116,-7.0,-221.0,-121.0,0
2117,-8.0,-221.0,-122.0,0
2118,-4.0,-225.0,-126.0,0
2119,-7.0,-224.0,-125.0,0
2120,-8.0,-222.0,-124.0,0
2121,-6.0,-224.0,-123.0,0
2122,-7.0,-225.0,-122.0,0
2123,-8.0,-224.0,-125.0,0
2124,-7.0,-224.0,-127.0,0
2125,-7.0,-225.0,-123.0,0
2126,-7.0,-227.0,-124.0,0
2127,-4.0,-228.0,-124.0,0
2128,-3.0,-226.0,-123.0,0
2129,-5.0,-225.0,-124.0,0
2130,-2.0,-228.0,-122.0,0
2131,-3.0,-228.0,-124.0,0
2132,-3.0,-224.0,-129.0,0
2133,-1.0,-227.0,-125.0,0
2134,0.0,-227.0,-127.0,0
2135,-3.0,-226.0,-126.0,0
2136,-2.0,-228.0,-124.0,0
2137,0.0,-228.0,-124.0,0
2138,-2.0,-226.0,-124.0,0
2139,-2.0,-228.0,-122.0,0
2140,-1.0,-227.0,-121.0,0
2141,-2.0,-227.0,-123.0,0
2142,-4.0,-222.0,-125.0,0
2143,-6.0,-228.0,-121.0,0
2144,-7.0,-225.0,-121.0,0
2145,-1.0,-228.0,-126.0,0
2146,-4.0,-225.0,-123.0,0
2147,-7.0,-225.0,-126.0,0
2148,-4.0,-227.0,-125.0,0
2149,-6.0,-225.0,-126.0,0
2150,-5.0,-228.0,-126.0,0
2151,-7.0,-223.0,-124.0,0
2152,-7.0,-223.0,-122.0,0
2153,-10.0,-222.0,-124.0,0
2154,-6.0,-223.0,-122.0,0
2155,-7.0,-226.0,-123.0,0
2156,-8.0,-223.0,-124.0,0
2157,-4.0,-226.0,-125.0,0
2158,-9.0,-224.0,-124.0,0
2159,-7.0,-224.0,-123.0,0
2160,-10.0,-226.0,-122.0,0
2161,-9.0,-229.0,-126.0,0
2162,-7.0,-227.0,-124.0,0
2163,-8.0,-227.0,-127.0,0
2164,-7.0,-230.0,-127.0,0
2165,-9.0,-228.0,-129.0,0
2166,-10.0,-229.0,-127.0,0
2167,-11.0,-226.0,-125.0,0
2168,-8.0,-227.0,-131.0,0
2169,-7.0,-227.0,-124.0,0
2170,-9.0,-228.0,-125.0,0
2171,-8.0,-229.0,-128.0,0
2172,-10.0,-227.0,-125.0,0
2173,-10.0,-227.0,-127.0,0
2174,-10.0,-226.0,-128.0,0
2175,-11.0,-227.0,-125.0,0
2176,-9.0,-226.0,-126.0,0
2177,-12.0,-222.0,-123.0,0
2178,-11.0,-224.0,-124.0,0
2179,-13.0,-222.0,-125.0,0
2180,-8.0,-226.0,-126.0,0
2181,-11.0,-225.0,-124.0,0
2182,-8.0,-216.0,-126.0,0
2183,-9.0,-223.0,-124.0,0
2184,-12.0,-224.0,-124.0,0
2185,-9.0,-227.0,-124.0,0
2186,-13.0,-226.0,-125.0,0
2187,-10.0,-226.0,-125.0,0
2188,-13.0,-224.0,-126.0,0
2189,-10.0,-223.0,-126.0,0
2190,-11.0,-224.0,-125.0,0
2191,-10.0,-224.0,-128.0,0
2192,-8.0,-224.0,-127.0,0
2193,-11.0,-222.0,-126.0,0
2194,-11.0,-223.0,-126.0,0
2195,-10.0,-226.0,-124.0,0
2196,-10.0,-224.0,-130.0,0
2197,-11.0,-222.0,-128.0,0
2198,-11.0,-221.0,-128.0,0
2199,-10.0,-223.0,-127.0,0
2200,-13.0,-224.0,-128.0,0
2201,-11.0,-224.0,-124.0,0
2202,-11.0,-221.0,-127.0,0
2203,-11.0,-223.0,-127.0,0
2204,-10.0,-227.0,-128.0,0
2205,-9.0,-225.0,-128.0,0
2206,-13.0,-225.0,-124.0,0
2207,-9.0,-223.0,-127.0,0
2208,-11.0,-222.0,-127.0,0
2209,-8.0,-222.0,-125.0,0
2210,-11.0,-219.0,-126.0,0
2211,-11.0,-222.0,-128.0,0
2212,-9.0,-223.0,-130.0,0
2213,-10.0,-221.0,-131.0,0
2214,-11.0,-222.0,-127.0,0
2215,-12.0,-221.0,-128.0,0
2216,-11.0,-222.0,-125.0,0
2217,-10.0,-224.0,-128.0,0
2218,-12.0,-225.0,-127.0,0
2219,-15.0,-224.0,-126.0,0
2220,-12.0,-227.0,-128.0,0
2221,-8.0,-227.0,-129.0,0
2222,-13.0,-223.0,-126.0,0
2223,-13.0,-222.0,-127.0,0
2224,-13.0,-226.0,-127.0,0
2225,-14.0,-223.0,-125.0,0
2226,-13.0,-224.0,-129.0,0
2227,-20.0,-223.0,-137.0,0
2228,-10.0,-228.0,-127.0,0
2229,-12.0,-226.0,-127.0,0
2230,-13.0,-224.0,-128.0,0
2231,-13.0,-225.0,-127.0,0
2232,-12.0,-224.0,-128.0,0
2233,-12.0,-224.0,-127.0,0
2234,-10.0,-225.0,-127.0,0
2235,-11.0,-225.0,-128.0,0
2236,-14.0,-224.0,-133.0,0
2237,-8.0,-226.0,-129.0,0
2238,-11.0,-225.0,-133.0,0
2239,-11.0,-226.0,-126.0,0
2240,-12.0,-228.0,-129.0,0
2241,-11.0,-228.0,-124.0,0
2242,-11.0,-226.0,-127.0,0
2243,-9.0,-227.0,-128.0,0
2244,-13.0,-225.0,-129.0,0
2245,-13.0,-227.0,-127.0,0
2246,-12.0,-230.0,-132.0,0
2247,-12.0,-227.0,-126.0,0
2248,-11.0,-224.0,-126.0,0
2249,-18.0,-221.0,-135.0,0
2250,-10.0,-223.0,-126.0,0
2251,-11.0,-226.0,-127.0,0
2252,-14.0,-225.0,-126.0,0
2253,-11.0,-223.0,-125.0,0
2254,-7.0,-225.0,-130.0,0
2255,-9.0,-227.0,-130.0,0
2256,-8.0,-225.0,-128.0,0
2257,-10.0,-222.0,-131.0,0
2258,-10.0,-223.0,-128.0,0
2259,-11.0,-223.0,-127.0,0
2260,-11.0,-225.0,-129.0,0
2261,-9.0,-224.0,-131.0,0
2262,-9.0,-224.0,-129.0,0
2263,-8.0,-225.0,-126.0,0
2264,-11.0,-228.0,-129.0,0
2265,-9.0,-223.0,-128.0,0
2266,-7.0,-225.0,-131.0,0
2267,-8.0,-222.0,-131.0,0
2268,-10.0,-225.0,-129.0,0
2269,-12.0,-222.0,-124.0,0
2270,-12.0,-226.0,-133.0,0
2271,-8.0,-224.0,-130.0,0
2272,-9.0,-221.0,-127.0,0
2273,-9.0,-220.0,-129.0,0
2274,-6.0,-224.0,-128.0,0
2275,-8.0,-222.0,-127.0,0
2276,-9.0,-226.0,-126.0,0
2277,-10.0,-221.0,-129.0,0
2278,-7.0,-222.0,-125.0,0
2279,-5.0,-225.0,-128.0,0
2280,-10.0,-223.0,-132.0,0
2281,-11.0,-221.0,-125.0,0
2282,-8.0,-223.0,-126.0,0
2283,-8.0,-224.0,-125.0,0
2284,-8.0,-225.0,-130.0,0
2285,-9.0,-222.0,-126.0,0
2286,-10.0,-223.0,-129.0,0
2287,-8.0,-224.0,-125.0,0
2288,-8.0,-223.0,-124.0,0
2289,-6.0,-225.0,-126.0,0
2290,-10.0,-225.0,-128.0,0
2291,-12.0,-227.0,-125.0,0
2292,-6.0,-232.0,-131.0,0
2293,-9.0,-224.0,-130.0,0
2294,-9.0,-225.0,-127.0,0
2295,-9.0,-226.0,-131.0,0
2296,-12.0,-221.0,-130.0,0
2297,-12.0,-220.0,-125.0,0
2298,-12.0,-220.0,-127.0,0
2299,-9.0,-221.0,-127.0,0
2300,-10.0,-223.0,-129.0,0
2301,-10.0,-223.0,-122.0,0
2302,-5.0,-222.0,-127.0,0
2303,-7.0,-223.0,-123.0,0
2304,-5.0,-220.0,-124.0,0
2305,-10.0,-220.0,-124.0,0
2306,-10.0,-222.0,-126.0,0
2307,-9.0,-224.0,-129.0,0
2308,-11.0,-223.0,-129.0,0
2309,-12.0,-223.0,-131.0,0
2310,-11.0,-224.0,-129.0,0
2311,-9.0,-227.0,-128.0,0
2312,-12.0,-225.0,-130.0,0
2313,-8.0,-224.0,-131.0,0
2314,-22.0,-223.0,-132.0,0
2315,-11.0,-225.0,-127.0,0
2316,-10.0,-226.0,-126.0,0
2317,-11.0,-224.0,-129.0,0
2318,-12.0,-225.0,-130.0,0
2319,-12.0,-224.0,-130.0,0
2320,-9.0,-229.0,-126.0,0
2321,-11.0,-226.0,-130.0,0
2322,-8.0,-226.0,-131.0,0
2323,-8.0,-223.0,-131.0,0
2324,-9.0,-224.0,-126.0,0
2325,-11.0,-222.0,-128.0,0
2326,-10.0,-223.0,-126.0,0
2327,-8.0,-223.0,-131.0,0
2328,-7.0,-226.0,-130.0,0
2329,-11.0,-221.0,-128.0,0
2330,-7.0,-223.0,-130.0,0
2331,-11.0,-224.0,-128.0,0
2332,-9.0,-225.0,-127.0,0
2333,-9.0,-225.0,-131.0,0
2334,-8.0,-222.0,-128.0,0
2335,-9.0,-223.0,-130.0,0
2336,-9.0,-224.0,-129.0,0
2337,-10.0,-226.0,-128.0,0
2338,-10.0,-222.0,-130.0,0
2339,-9.0,-221.0,-129.0,0
2340,-11.0,-224.0,-127.0,0
2341,-10.0,-223.0,-127.0,0
2342,-12.0,-222.0,-131.0,0
2343,-9.0,-222.0,-129.0,0
2344,-12.0,-220.0,-129.0,0
2345,-14.0,-223.0,-127.0,0
2346,-12.0,-216.0,-130.0,0
2347,-12.0,-221.0,-129.0,0
2348,-11.0,-223.0,-126.0,0
2349,-9.0,-222.0,-128.0,0
2350,-9.0,-222.0,-132.0,0
2351,-11.0,-218.0,-129.0,0
2352,-10.0,-225.0,-129.0,0
2353,-7.0,-223.0,-128.0,0
2354,-9.0,-223.0,-129.0,0
2355,-11.0,-224.0,-129.0,0
2356,-10.0,-222.0,-127.0,0
2357,-11.0,-225.0,-130.0,0
2358,-10.0,-225.0,-127.0,0
2359,-13.0,-221.0,-129.0,0
2360,-12.0,-222.0,-127.0,0
2361,-9.0,-223.0,-126.0,0
2362,-8.0,-223.0,-127.0,0
2363,-12.0,-223.0,-127.0,0
2364,-11.0,-221.0,-126.0,0
2365,-10.0,-224.0,-129.0,0
2366,-12.0,-223.0,-130.0,0
2367,-9.0,-223.0,-129.0,0
2368,-9.0,-223.0,-132.0,0
2369,-12.0,-222.0,-127.0,0
2370,-12.0,-222.0,-127.0,0
2371,-9.0,-223.0,-127.0,0
2372,-8.0,-221.0,-130.0,0
2373,-7.0,-220.0,-127.0,0
2374,-10.0,-221.0,-128.0,0
2375,-11.0,-219.0,-125.0,0
2376,-10.0,-223.0,-130.0,0
2377,-7.0,-223.0,-128.0,0
2378,-9.0,-221.0,-129.0,0
2379,-14.0,-223.0,-129.0,0
2380,-8.0,-224.0,-126.0,0
2381,-10.0,-222.0,-127.0,0
2382,-9.0,-225.0,-129.0,0
2383,-9.0,-224.0,-128.0,0
2384,-8.0,-224.0,-129.0,0
2385,-7.0,-225.0,-130.0,0
2386,-8.0,-224.0,-129.0,0
2387,-7.0,-227.0,-127.0,0
2388,-8.0,-223.0,-127.0,0
2389,-9.0,-225.0,-127.0,0
2390,-9.0,-225.0,-132.0,0
2391,-8.0,-225.0,-128.0,0
2392,-10.0,-227.0,-130.0,0
2393,-9.0,-227.0,-129.0,0
2394,-8.0,-224.0,-128.0,0
2395,-9.0,-224.0,-130.0,0
2396,-11.0,-226.0,-128.0,0
2397,-10.0,-222.0,-129.0,0
2398,-10.0,-222.0,-125.0,0
2399,-7.0,-222.0,-127.0,0
