accelerometer_x,accelerometer_y,accelerometer_z,fall
4070,527,-47,1
4066,529,-48,1
4064,529,-50,1
4064,528,-48,1
4060,530,-47,1
4057,527,-46,1
4056,526,-45,1
4056,528,-47,1
4054,529,-46,1
4058,528,-44,1
4058,525,-44,1
4061,522,-43,1
4058,524,-39,1
4057,523,-35,1
4059,522,-36,1
4060,519,-35,1
4061,514,-37,1
4062,509,-40,1
4063,507,-40,1
4067,503,-38,1
4069,504,-37,1
4066,501,-34,1
4066,496,-32,1
4065,503,-30,1
4066,504,-28,1
4064,505,-29,1
4065,503,-22,1
4064,497,-16,1
4064,503,-16,1
4062,500,-13,1
4062,500,-12,1
4063,497,-11,1
4063,493,-15,1
4062,490,-15,1
4064,488,-12,1
4073,486,-10,1
4078,487,-9,1
4082,488,-11,1
4085,485,-14,1
4083,482,-15,1
4084,481,-13,1
4088,479,-13,1
4092,471,-19,1
4082,473,-19,1
4081,480,-27,1
4073,471,-32,1
4065,472,-31,1
4060,470,-25,1
4064,461,-10,1
4071,463,-3,1
4073,458,0,1
4072,461,1,1
4075,460,-1,1
4079,457,0,1
4085,447,3,1
4086,442,11,1
4091,437,19,1
4095,436,19,1
4093,435,14,1
4095,437,11,1
4092,440,7,1
4086,433,4,1
4082,440,4,1
4089,435,2,1
4093,416,3,1
4089,428,3,1
4084,439,-6,1
4083,427,-13,1
4075,442,-13,1
4072,447,-17,1
4066,459,-15,1
4064,460,-15,1
4067,466,-12,1
4070,460,-13,1
4073,472,-5,1
4073,478,-6,1
4075,487,-2,1
4076,492,0,1
4082,496,2,1
4087,497,2,1
4090,501,3,1
4091,502,5,1
4090,504,5,1
4086,505,4,1
4089,499,6,1
4089,497,9,1
4087,496,8,1
4087,501,9,1
4093,502,9,1
4096,502,12,1
4093,499,14,1
4090,493,14,1
4091,488,15,1
4087,481,18,1
4085,476,16,1
4080,473,14,1
4078,473,14,1
4075,469,12,1
4078,469,12,1
4080,473,14,1
4078,474,10,1
4078,472,9,1
4075,476,7,1
4076,480,8,1
4071,485,7,1
4067,491,7,1
4065,493,8,1
4055,504,4,1
4048,516,3,1
4042,522,-2,1
4038,523,-8,1
4034,531,-13,1
4032,529,-15,1
4028,532,-18,1
4032,524,-22,1
4024,544,-23,1
4024,542,-27,1
4027,544,-23,1
4042,542,-20,1
4056,541,-16,1
4057,538,-11,1
4057,545,-8,1
4056,546,-5,1
4062,538,-3,1
4060,542,-3,1
4073,532,0,1
4076,533,3,1
4074,538,4,1
4062,534,4,1
4056,530,4,1
4051,529,4,1
4055,521,7,1
4060,508,12,1
4075,504,21,1
4070,498,13,1
4067,495,9,1
4052,498,6,1
4044,494,5,1
4053,486,9,1
4054,489,5,1
4061,490,5,1
4066,486,4,1
4063,488,2,1
4065,479,2,1
4054,488,3,1
4055,480,6,1
4058,478,11,1
4072,469,9,1
4075,472,10,1
4069,477,8,1
4063,473,5,1
4067,465,3,1
4073,469,4,1
4085,462,4,1
4078,468,0,1
4079,467,0,1
4088,457,-1,1
4093,451,0,1
4084,461,-6,1
4080,468,-17,1
4065,472,-24,1
4065,463,-22,1
4068,465,-26,1
4067,473,-29,1
4056,475,-31,1
4056,471,-35,1
4054,483,-38,1
4066,475,-34,1
4073,476,-30,1
4068,485,-38,1
4059,497,-38,1
4055,487,-43,1
4055,491,-44,1
4061,491,-51,1
4065,506,-55,1
4067,497,-51,1
4071,495,-52,1
4067,497,-58,1
4066,496,-53,1
4065,495,-38,1
4067,492,-21,1
4064,500,-24,1
4061,501,-36,1
4066,494,-42,1
4069,497,-47,1
4067,495,-51,1
4069,483,-44,1
4080,472,-37,1
4081,467,-24,1
4088,466,-26,1
4091,463,-27,1
4091,468,-26,1
4095,470,-22,1
4091,473,-17,1
4094,478,-12,1
4083,496,-18,1
4091,481,-11,1
4093,490,-10,1
4091,504,-8,1
4083,504,-10,1
4078,499,-9,1
4076,494,-11,1
4087,491,-5,1
4082,515,-4,1
4084,515,-10,1
4083,527,-4,1
4082,527,-6,1
4090,515,-10,1
4083,540,-12,1
4068,549,-22,1
4071,530,-21,1
4071,529,-19,1
4080,530,-11,1
4075,528,-19,1
4078,533,-14,1
4078,548,-22,1
4089,537,-23,1
4084,543,-24,1
4089,532,-25,1
4086,551,-28,1
4089,548,-34,1
4086,557,-33,1
4087,554,-30,1
4082,558,-31,1
4088,551,-34,1
4092,548,-23,1
4086,554,-25,1
4082,544,-19,1
4078,543,-15,1
4075,548,-7,1
4066,546,-10,1
4065,538,-11,1
4059,548,-9,1
4059,538,-6,1
4063,533,-4,1
4063,525,-4,1
4062,533,-6,1
4061,531,-5,1
4068,525,-1,1
4069,527,0,1
4069,523,2,1
4072,518,4,1
4072,517,4,1
4066,526,2,1
4069,526,3,1
4081,521,5,1
4075,532,3,1
4067,536,0,1
4064,539,-6,1
4064,544,-5,1
4069,531,-3,1
4073,535,0,1
4077,536,1,1
4078,541,0,1
4074,545,-5,1
4076,544,-8,1
4076,540,-12,1
4078,537,-13,1
4077,532,-15,1
4069,543,-21,1
4065,541,-26,1
4064,539,-32,1
4059,535,-37,1
4059,537,-40,1
4059,540,-43,1
4060,539,-42,1
4060,538,-42,1
4055,540,-44,1
4058,539,-44,1
4060,532,-44,1
4064,532,-41,1
4066,535,-36,1
4065,534,-36,1
4066,535,-39,1
4069,533,-40,1
4069,531,-38,1
4067,528,-41,1
4068,531,-45,1
4068,530,-50,1
4066,534,-50,1
4067,533,-52,1
4067,531,-51,1
4062,530,-57,1
4060,533,-62,1
4057,538,-64,1
4056,541,-64,1
4051,546,-66,1
4051,548,-63,1
4048,552,-64,1
4048,553,-61,1
4051,553,-61,1
4055,551,-59,1
4056,552,-55,1
4056,553,-54,1
4053,552,-49,1
4050,555,-46,1
4050,557,-42,1
4060,563,-39,1
4065,565,-37,1
4070,560,-34,1
4071,559,-32,1
4069,557,-37,1
4069,556,-41,1
4070,556,-40,1
4071,555,-42,1
4073,555,-50,1
4072,553,-56,1
4071,554,-65,1
4066,550,-65,1
4062,552,-66,1
4062,549,-61,1
4068,544,-45,1
4071,546,-38,1
4073,551,-43,1
4070,558,-49,1
4062,554,-55,1
4061,553,-53,1
4060,547,-51,1
4067,545,-43,1
4072,540,-39,1
4073,540,-35,1
4075,539,-36,1
4078,535,-36,1
4081,538,-35,1
4082,536,-35,1
4080,538,-32,1
4078,541,-32,1
4074,544,-38,1
4070,545,-41,1
4066,543,-43,1
4062,543,-45,1
4062,534,-43,1
4061,533,-39,1
4067,525,-37,1
4071,525,-34,1
4073,525,-35,1
4073,527,-35,1
4080,529,-35,1
4078,532,-34,1
4077,534,-35,1
4077,536,-38,1
4078,537,-40,1
4080,537,-40,1
4081,542,-43,1
4080,544,-49,1
4078,546,-51,1
4080,547,-51,1
4078,545,-56,1
4076,546,-57,1
4077,548,-56,1
4080,547,-55,1
4079,548,-54,1
4076,548,-53,1
4073,542,-52,1
4071,541,-55,1
4073,540,-55,1
4073,542,-58,1
4067,543,-62,1
4061,540,-63,1
4062,538,-63,1
4064,533,-60,1
4064,529,-56,1
4071,523,-53,1
4070,522,-49,1
4071,520,-46,1
4069,517,-41,1
4070,515,-40,1
4073,513,-39,1
4073,510,-38,1
4075,510,-37,1
4077,509,-36,1
4079,509,-32,1
4079,510,-33,1
4078,514,-36,1
4075,515,-44,1
4074,516,-48,1
4072,521,-50,1
4074,519,-46,1
4075,522,-45,1
4072,526,-43,1
4070,524,-46,1
4070,526,-44,1
4065,528,-48,1
4057,533,-49,1
4060,532,-42,1
4065,530,-41,1
4063,533,-45,1
4070,534,-49,1
4072,533,-50,1
4074,535,-53,1
4071,538,-52,1
4069,539,-54,1
4069,540,-59,1
4064,540,-62,1
4067,541,-62,1
4071,541,-62,1
4072,540,-59,1
4072,541,-57,1
4071,539,-55,1
4074,534,-52,1
4074,533,-48,1
4076,528,-48,1
4078,530,-52,1
4079,534,-55,1
4081,534,-55,1
4077,535,-52,1
4067,529,-46,1
4068,526,-45,1
4067,520,-47,1
4066,518,-46,1
4068,521,-47,1
4069,515,-49,1
4075,515,-44,1
4075,520,-41,1
4073,522,-39,1
4071,519,-39,1
4073,520,-42,1
4070,525,-42,1
4064,529,-37,1
4066,530,-39,1
4065,532,-43,1
4068,536,-33,1
4065,535,-31,1
4062,538,-30,1
4064,537,-31,1
4065,539,-29,1
4072,537,-28,1
4074,535,-26,1
4079,535,-25,1
4078,535,-27,1
4081,531,-30,1
4078,530,-27,1
4083,531,-25,1
4083,532,-32,1
4081,532,-45,1
4078,532,-49,1
4063,530,-56,1
4057,526,-55,1
4051,522,-51,1
4049,522,-41,1
4055,518,-20,1
4067,521,-15,1
4072,522,-20,1
4069,527,-32,1
4072,521,-43,1
4069,519,-45,1
4069,516,-39,1
4071,513,-28,1
4076,510,-18,1
4081,508,-16,1
4085,511,-15,1
4083,510,-15,1
4080,511,-17,1
4083,508,-16,1
4083,514,-19,1
4076,515,-21,1
4072,515,-21,1
4068,516,-23,1
4063,515,-25,1
4058,515,-26,1
4056,513,-26,1
4059,510,-27,1
4057,506,-29,1
4057,503,-34,1
4055,504,-35,1
4058,505,-35,1
4063,507,-32,1
4067,506,-32,1
4072,508,-28,1
4070,507,-31,1
4073,511,-32,1
4073,516,-31,1
4073,519,-28,1
4077,518,-29,1
4077,517,-32,1
4077,518,-34,1
4076,520,-32,1
4077,521,-25,1
4078,519,-23,1
4083,518,-19,1
4080,517,-9,1
4080,510,-11,1
4082,509,-7,1
4080,511,-8,1
4076,510,-8,1
4077,502,-6,1
4073,502,-9,1
4067,502,-17,1
4062,499,-17,1
4062,499,-15,1
4065,498,-15,1
4066,497,-16,1
4068,496,-10,1
4069,494,-9,1
4070,489,-8,1
4070,489,-7,1
4069,488,-9,1
4070,488,-7,1
4071,487,-2,1
4071,487,-3,1
4070,488,-4,1
4073,490,-3,1
4080,497,-3,1
4080,498,-7,1
4075,496,-10,1
4076,496,-11,1
4075,501,-15,1
4072,502,-11,1
4074,502,-7,1
4074,505,-5,1
4078,501,-1,1
4079,499,-2,1
4079,499,-8,1
4077,505,-6,1
4073,508,-9,1
4075,507,-6,1
4079,505,-4,1
4079,503,-7,1
4077,503,-9,1
4076,505,-6,1
4077,503,-4,1
4073,506,-2,1
4075,505,1,1
4071,506,-1,1
4072,509,-1,1
4072,506,0,1
4070,504,0,1
4067,501,-2,1
4068,498,0,1
4067,501,1,1
4064,498,1,1
4060,497,-1,1
4054,501,-5,1
4057,500,-10,1
4052,504,-17,1
4049,504,-21,1
4045,511,-23,1
4043,513,-24,1
4046,511,-22,1
4044,510,-24,1
4043,511,-26,1
4043,513,-23,1
4042,513,-20,1
4044,509,-13,1
4045,508,-15,1
4051,509,-18,1
4051,507,-19,1
4054,507,-18,1
4053,509,-20,1
4053,506,-14,1
4056,507,-9,1
4060,506,-6,1
4066,504,-3,1
4070,504,1,1
4070,502,1,1
4068,503,-4,1
4064,504,-11,1
4060,508,-16,1
4053,507,-23,1
4054,502,-28,1
4055,502,-28,1
4055,498,-25,1
4051,492,-24,1
4052,490,-17,1
4057,489,-7,1
4067,488,5,1
4079,487,18,1
4089,483,28,1
4094,482,24,1
4092,482,17,1
4092,482,11,1
4088,482,5,1
4084,479,1,1
4085,478,3,1
4085,478,4,1
4082,478,2,1
4083,477,4,1
4078,477,4,1
4078,480,4,1
4079,485,4,1
4076,486,2,1
4075,495,1,1
4072,501,0,1
4074,509,-1,1
4074,514,-2,1
4076,515,-2,1
4076,523,-7,1
4079,526,-10,1
4081,527,-9,1
4088,532,-14,1
4092,537,-16,1
4091,540,-18,1
4089,538,-20,1
4094,537,-20,1
4084,544,-21,1
4085,548,-18,1
4086,543,-24,1
4090,543,-22,1
4089,542,-21,1
4088,543,-22,1
4085,546,-22,1
4084,546,-22,1
4080,543,-15,1
4082,548,-10,1
4080,548,-8,1
4077,548,-8,1
4070,546,-13,1
4070,542,-17,1
4070,543,-21,1
4068,544,-29,1
4070,546,-32,1
4066,544,-36,1
4063,544,-42,1
4059,540,-43,1
4061,541,-43,1
4065,540,-45,1
4064,541,-44,1
4063,538,-44,1
4065,539,-39,1
4053,541,-49,1
4063,541,-32,1
4071,540,-30,1
4074,541,-32,1
4073,540,-33,1
4074,536,-39,1
4075,531,-37,1
4072,536,-38,1
4071,533,-35,1
4078,533,-31,1
4074,528,-37,1
4068,528,-38,1
4065,525,-41,1
4066,523,-40,1
4066,524,-43,1
4064,523,-50,1
4056,516,-61,1
4063,521,-61,1
4068,523,-56,1
4068,518,-55,1
4069,518,-48,1
4074,524,-42,1
4081,526,-42,1
4084,522,-46,1
4082,517,-50,1
4080,514,-47,1
4081,511,-42,1
4078,503,-42,1
4068,493,-47,1
4070,511,-39,1
4077,516,-42,1
4077,507,-41,1
4079,517,-38,1
4079,509,-36,1
4072,503,-39,1
4067,492,-48,1
4055,480,-50,1
4056,485,-47,1
4061,506,-42,1
4067,509,-40,1
4066,495,-49,1
4066,497,-46,1
4067,493,-51,1
4064,484,-51,1
4068,495,-46,1
4069,496,-45,1
4073,512,-41,1
4079,511,-33,1
4080,505,-33,1
4078,506,-33,1
4078,503,-34,1
4076,506,-37,1
4077,513,-36,1
4073,507,-36,1
4073,507,-33,1
4071,503,-32,1
4072,501,-31,1
4072,501,-30,1
4075,504,-37,1
4075,504,-39,1
4074,499,-41,1
4069,502,-39,1
4068,501,-41,1
4069,506,-41,1
4063,502,-41,1
4063,492,-41,1
4057,501,-47,1
4055,505,-46,1
4052,506,-43,1
4052,503,-34,1
4062,488,-19,1
4069,493,-7,1
4068,504,-5,1
4063,511,-13,1
4064,503,-26,1
4066,500,-32,1
4069,490,-28,1
4073,478,-16,1
4079,475,-6,1
4079,471,-2,1
4077,482,-2,1
4076,480,-6,1
4077,488,-8,1
4076,486,-16,1
4074,487,-18,1
4072,493,-17,1
4070,500,-15,1
4068,496,-15,1
4070,492,-14,1
4071,492,-14,1
4070,493,-13,1
4069,495,-13,1
4070,499,-8,1
4073,496,-5,1
4074,494,-4,1
4073,495,-4,1
4072,497,-4,1
4071,500,-7,1
4074,506,-5,1
4071,510,-6,1
4075,514,-5,1
4075,513,-7,1
4077,512,-6,1
4078,509,-6,1
4080,509,-8,1
4079,510,-12,1
4075,509,-15,1
4077,510,-15,1
4077,509,-15,1
4077,510,-18,1
4078,509,-14,1
4080,509,-15,1
4079,510,-10,1
4079,510,-10,1
4080,509,-6,1
4076,507,-3,1
4077,509,-7,1
4077,504,-6,1
4078,503,-4,1
4078,497,-1,1
4079,491,0,1
4078,489,1,1
4078,487,1,1
4075,487,0,1
4074,486,0,1
4073,485,1,1
4076,485,1,1
4079,485,-2,1
4079,483,-1,1
4078,486,0,1
4079,485,1,1
4078,484,-2,1
4081,482,-3,1
4082,491,-3,1
4081,496,-7,1
4082,504,-11,1
4084,508,-10,1
4081,510,-13,1
4083,510,-15,1
4080,515,-19,1
4078,516,-24,1
4078,521,-28,1
4081,523,-27,1
4082,526,-27,1
4083,527,-31,1
4084,524,-29,1
4083,524,-30,1
4083,527,-31,1
4081,525,-30,1
4080,526,-29,1
4079,522,-27,1
4079,515,-28,1
4078,510,-24,1
4076,505,-19,1
4072,506,-16,1
4071,503,-17,1
4070,500,-18,1
4070,497,-14,1
4069,492,-12,1
4068,494,-12,1
4066,489,-14,1
4064,490,-14,1
4064,492,-12,1
4070,488,-10,1
4070,486,-7,1
4073,485,-6,1
4070,489,-9,1
4067,488,-9,1
4069,489,-3,1
4073,488,1,1
4077,488,5,1
4078,491,7,1
4071,493,8,1
4073,496,9,1
4072,497,7,1
4074,505,12,1
4075,501,10,1
4077,502,8,1
4072,504,7,1
4070,500,5,1
4069,497,4,1
4070,501,3,1
4072,499,-1,1
4079,500,-5,1
4078,507,-13,1
4078,511,-20,1
4076,505,-31,1
4072,510,-38,1
4072,503,-41,1
4073,502,-36,1
4076,506,-22,1
4078,500,-10,1
4087,497,-2,1
4084,496,2,1
4081,498,4,1
4077,498,4,1
4074,492,4,1
4067,488,7,1
4072,481,15,1
4072,480,25,1
4077,472,29,1
4077,476,28,1
4081,477,26,1
4079,484,26,1
4073,491,20,1
4065,501,16,1
4063,497,16,1
4069,492,18,1
4068,490,15,1
4062,491,10,1
4064,496,14,1
4060,492,14,1
4061,486,11,1
4061,486,17,1
4062,490,17,1
4062,492,16,1
4065,496,15,1
4064,502,11,1
4067,507,10,1
4073,513,8,1
4077,514,7,1
4083,517,8,1
4081,516,9,1
4082,517,13,1
4085,516,15,1
4084,517,16,1
4082,515,14,1
4079,517,19,1
4078,514,20,1
4078,510,16,1
4076,508,14,1
4076,508,14,1
4075,505,11,1
4074,502,12,1
4070,499,12,1
4071,491,10,1
4066,489,9,1
4063,492,8,1
4062,490,9,1
4063,487,13,1
4065,488,20,1
4064,483,26,1
4063,477,30,1
4064,476,31,1
4062,475,30,1
4063,471,28,1
4066,474,29,1
4071,471,27,1
4070,469,23,1
4072,471,27,1
4073,474,24,1
4075,472,25,1
4075,471,26,1
4082,469,29,1
4083,470,34,1
4081,473,39,1
4080,470,37,1
4081,472,38,1
4081,467,42,1
4077,467,47,1
4076,466,53,1
4077,465,56,1
4078,463,59,1
4074,462,54,1
4075,459,52,1
4073,458,54,1
4075,461,51,1
4076,462,49,1
4073,458,45,1
4073,458,42,1
4074,454,43,1
4076,453,44,1
4076,454,43,1
4071,454,45,1
4073,453,41,1
4072,459,38,1
4075,460,39,1
4077,459,38,1
4075,460,35,1
4078,458,29,1
4077,456,32,1
4071,456,28,1
4071,454,30,1
4075,456,32,1
4076,457,31,1
4071,459,28,1
4068,462,21,1
4068,459,20,1
4067,457,23,1
4063,458,27,1
4063,459,29,1
4068,459,26,1
4070,453,26,1
4067,461,24,1
4064,461,27,1
4065,467,32,1
4069,468,34,1
4071,472,37,1
4073,475,44,1
4075,478,45,1
4076,474,45,1
4072,472,45,1
4072,476,46,1
4061,475,40,1
4057,472,34,1
4052,478,30,1
4049,478,27,1
4049,483,22,1
4050,476,24,1
4057,472,30,1
4064,467,42,1
4073,463,56,1
4081,457,70,1
4089,454,71,1
4092,454,67,1
4088,453,61,1
4085,447,56,1
4087,443,53,1
4086,440,58,1
4084,439,68,1
4080,438,72,1
4080,445,71,1
4077,450,73,1
4073,454,74,1
4070,462,73,1
4070,465,71,1
4070,462,75,1
4066,461,74,1
4063,460,70,1
4062,462,62,1
4058,463,60,1
4058,465,58,1
4063,467,52,1
4064,466,53,1
4065,465,51,1
4068,472,51,1
4069,476,48,1
4072,476,41,1
4074,482,37,1
4076,484,38,1
4076,487,42,1
4079,485,42,1
4079,484,45,1
4084,481,50,1
4082,480,50,1
4080,477,50,1
4080,474,48,1
4079,472,50,1
4077,467,45,1
4077,461,43,1
4076,455,39,1
4073,452,40,1
4066,455,34,1
4068,454,33,1
4068,452,30,1
4069,455,28,1
4070,449,26,1
4071,452,25,1
4071,455,22,1
4070,452,24,1
4068,451,26,1
4067,453,23,1
4068,451,20,1
4070,452,21,1
4069,455,22,1
4067,451,25,1
4069,451,28,1
4070,455,25,1
4070,454,26,1
4071,451,24,1
4073,451,23,1
4074,453,25,1
4076,452,29,1
4079,450,28,1
4079,453,26,1
4081,452,22,1
4081,453,21,1
4082,452,20,1
4080,453,21,1
4079,452,23,1
4078,452,21,1
4076,448,16,1
4076,452,15,1
4078,455,11,1
4077,460,9,1
4072,461,7,1
4077,462,6,1
4074,463,6,1
4076,461,7,1
4078,464,9,1
4078,458,13,1
4077,461,13,1
4077,462,12,1
4081,463,15,1
4081,463,16,1
4078,460,14,1
4074,462,15,1
4080,461,13,1
4080,463,11,1
4078,462,9,1
4077,458,12,1
4075,458,9,1
4074,456,7,1
4069,458,5,1
4061,462,4,1
4058,462,2,1
4063,459,3,1
4068,455,4,1
4069,457,4,1
4074,459,4,1
4070,462,2,1
4070,462,2,1
4070,465,1,1
4073,466,6,1
4082,473,9,1
4086,476,9,1
4090,478,13,1
4090,476,11,1
4087,479,10,1
4089,480,10,1
4089,479,8,1
4091,479,5,1
4090,477,3,1
4092,471,3,1
4087,466,-4,1
4073,467,-12,1
4063,465,-13,1
4051,462,-17,1
4044,457,-11,1
4054,455,-3,1
4073,453,2,1
4085,451,1,1
4082,455,-2,1
4076,454,-13,1
4075,451,-17,1
4077,449,-10,1
4084,452,-1,1
4089,453,6,1
4091,454,12,1
4094,457,12,1
4095,455,8,1
4093,460,5,1
4088,463,1,1
4085,468,-3,1
4080,470,-8,1
4076,469,-9,1
4071,468,-10,1
4069,468,-10,1
4072,463,-11,1
4076,463,-10,1
4077,465,-12,1
4078,461,-9,1
4077,464,-8,1
4078,465,-8,1
4079,467,-7,1
4082,472,-5,1
4081,474,-4,1
4081,477,-3,1
4079,480,-6,1
4076,484,-10,1
4075,481,-14,1
4071,484,-17,1
4074,482,-18,1
4078,486,-14,1
4076,487,-14,1
4075,485,-9,1
4074,489,-7,1
4075,489,-6,1
4080,485,-8,1
4079,484,-6,1
4081,484,-9,1
4081,482,-13,1
4080,483,-15,1
4083,483,-11,1
4083,479,-12,1
4078,470,-15,1
4079,470,-18,1
4077,468,-15,1
4076,467,-16,1
4074,467,-12,1
4074,466,-10,1
4071,466,-11,1
4071,469,-13,1
4069,465,-14,1
4071,466,-15,1
4074,470,-16,1
4071,469,-16,1
4078,470,-19,1
4079,465,-18,1
4082,467,-19,1
4082,467,-13,1
4083,468,-14,1
4080,471,-14,1
4077,469,-16,1
4075,469,-17,1
4075,469,-13,1
4078,466,-12,1
4076,465,-12,1
4076,468,-11,1
4075,471,-11,1
4075,472,-11,1
4079,476,-13,1
4089,478,-11,1
4085,476,-17,1
4085,480,-20,1
4081,483,-23,1
4091,488,-23,1
4095,477,-25,1
4090,476,-27,1
4083,476,-28,1
4075,476,-24,1
4086,472,-16,1
4095,470,-8,1
4082,468,-14,1
4079,466,-12,1
4074,461,-10,1
4069,462,-10,1
4076,463,-6,1
4082,464,-5,1
4088,462,-3,1
4094,457,-6,1
4081,455,-7,1
4068,460,-5,1
4060,458,-6,1
4059,458,-5,1
4064,461,-1,1
4071,460,-1,1
4073,464,-2,1
4076,464,0,1
4075,464,2,1
4072,467,1,1
4074,468,0,1
4078,475,0,1
4083,479,-6,1
4085,482,-8,1
4084,482,-8,1
4083,482,-13,1
4082,485,-17,1
4083,487,-28,1
4085,492,-35,1
4085,487,-42,1
4080,488,-47,1
4078,492,-49,1
4084,488,-55,1
4085,499,-51,1
4118,502,-23,1
4089,479,-45,1
4056,479,-32,1
4046,483,-23,1
4033,488,-26,1
4030,492,-26,1
4055,496,-15,1
4092,494,3,1
4092,479,2,1
4082,473,3,1
4066,488,6,1
4067,479,5,1
4047,480,-4,1
4014,468,-13,1
4016,485,-2,1
4049,499,5,1
4044,487,3,1
4030,492,6,1
4016,486,0,1
4014,485,6,1
4043,476,10,1
4059,474,11,1
4095,475,23,1
4067,458,7,1
4092,461,37,1
4085,456,33,1
4096,457,42,1
4104,423,36,1
4089,411,31,1
4091,407,47,1
4077,397,40,1
4049,385,35,1
4043,392,42,1
4047,391,36,1
4074,399,43,1
4102,395,39,1
4124,378,36,1
4120,400,34,1
4090,389,15,1
4067,389,10,1
4073,393,15,1
4077,389,11,1
4088,392,13,1
4094,393,14,1
4099,393,11,1
4104,396,11,1
4114,395,12,1
4125,399,13,1
4131,398,14,1
4133,397,16,1
4137,395,11,1
4138,395,12,1
4140,392,11,1
4138,391,10,1
4136,392,14,1
4126,401,12,1
4117,401,13,1
4109,398,16,1
4105,406,17,1
4103,407,15,1
4101,412,14,1
4093,415,12,1
4084,417,16,1
4082,420,10,1
4079,422,5,1
4074,418,-5,1
4063,418,-16,1
4060,416,-26,1
4056,416,-34,1
4056,416,-35,1
4060,413,-34,1
4060,425,-40,1
4051,434,-45,1
4051,441,-48,1
4050,454,-49,1
4051,466,-45,1
4050,472,-43,1
4051,481,-39,1
4049,485,-36,1
4045,487,-32,1
4050,485,-27,1
4055,483,-17,1
4060,473,-12,1
4061,476,-9,1
4064,464,-8,1
4064,463,-6,1
4071,449,-10,1
4070,451,-10,1
4081,446,-12,1
4088,452,-11,1
4089,453,-3,1
4093,445,6,1
4084,450,11,1
4092,441,18,1
4095,458,30,1
4096,454,36,1
4085,467,42,1
4079,463,48,1
4077,451,53,1
4088,432,65,1
4094,411,71,1
4094,411,75,1
4096,397,83,1
4098,396,80,1
4085,392,65,1
4071,391,59,1
4060,386,49,1
4060,390,38,1
4053,396,32,1
4077,382,40,1
4079,395,36,1
4088,391,29,1
4097,370,28,1
4076,433,31,1
4070,428,27,1
4076,377,25,1
4103,361,40,1
4099,380,22,1
4100,390,14,1
4111,390,15,1
4106,405,22,1
4103,388,25,1
4095,406,26,1
4096,407,14,1
4098,408,10,1
4087,432,7,1
4088,424,9,1
4094,412,18,1
4097,400,28,1
4099,401,37,1
4100,404,32,1
4100,411,24,1
4094,416,14,1
4087,431,5,1
4089,441,3,1
4083,453,-5,1
4080,456,-10,1
4072,466,-16,1
4066,465,-27,1
4063,471,-35,1
4055,479,-47,1
4048,483,-61,1
4044,493,-72,1
4048,499,-75,1
4051,499,-77,1
4052,511,-82,1
4050,519,-89,1
4052,523,-94,1
4049,524,-98,1
4040,542,-103,1
4042,536,-113,1
4044,534,-122,1
4049,533,-121,1
4053,536,-125,1
4057,523,-129,1
4059,535,-133,1
4063,529,-134,1
4067,531,-130,1
4079,529,-128,1
4080,525,-134,1
4081,518,-136,1
4079,530,-126,1
4084,526,-127,1
4087,540,-117,1
4090,531,-103,1
4091,513,-102,1
4092,508,-107,1
4095,510,-109,1
4096,513,-108,1
4098,520,-112,1
4099,533,-106,1
4101,519,-105,1
4101,507,-110,1
4099,516,-105,1
4101,515,-96,1
4134,549,-71,1
4148,539,-75,1
4118,488,-109,1
4056,488,-129,1
4039,505,-116,1
4067,563,-81,1
4084,536,-80,1
4108,565,-57,1
4119,539,-69,1
4088,481,-102,1
4065,503,-82,1
4065,511,-67,1
4115,603,-9,1
4205,596,39,1
4142,461,-24,1
4098,512,-5,1
4052,518,-16,1
4081,586,30,1
4140,503,15,1
4139,502,9,1
4111,513,-12,1
4049,453,-44,1
4004,468,-51,1
4041,481,-25,1
4009,451,-44,1
4027,469,-29,1
4065,510,-1,1
4078,473,-23,1
4083,496,-20,1
4098,495,-15,1
4100,444,-41,1
4091,439,-45,1
4084,443,-39,1
4092,455,-23,1
4108,462,-18,1
4130,488,-9,1
4137,500,3,1
4091,430,-19,1
4090,460,-13,1
4059,427,-38,1
4010,426,-52,1
4012,463,-31,1
4003,416,-44,1
3995,431,-40,1
4006,462,-37,1
4012,477,-45,1
4013,465,-45,1
4002,463,-59,1
4017,505,-41,1
4020,504,-56,1
4007,521,-64,1
4036,509,-56,1
4010,458,-67,1
4008,526,-50,1
4004,526,-69,1
4005,555,-59,1
4046,601,-35,1
4064,571,-42,1
4092,646,-3,1
4129,618,7,1
4114,553,-23,1
4043,559,-39,1
4036,630,1,1
4079,618,17,1
4069,581,1,1
4083,518,-11,1
4101,486,-18,1
4102,639,32,1
4088,512,-40,1
4022,472,-99,1
4027,489,-82,1
4002,454,-63,1
3982,490,-19,1
3992,500,15,1
4110,601,81,1
4206,500,37,1
4100,433,-86,1
4066,485,-38,1
4045,547,-13,1
4123,516,15,1
4028,469,-86,1
3926,433,-136,1
4134,633,61,1
4036,491,-147,1
3889,526,-230,1
3734,555,-303,1
3676,589,-293,1
3737,613,-249,1
3759,655,-247,1
3785,564,-302,1
3805,419,-345,1
3880,391,-266,1
3969,419,-158,1
3989,359,-183,1
3944,319,-279,1
3936,233,-390,1
3998,209,-400,1
4048,170,-401,1
4101,187,-378,1
4077,80,-489,1
4034,7,-556,1
4071,24,-557,1
4085,30,-579,1
4067,-18,-654,1
4120,8,-630,1
4155,-25,-657,1
4103,-2,-696,1
4092,81,-661,1
4000,92,-685,1
3899,105,-674,1
3856,87,-633,1
3788,112,-625,1
3790,166,-560,1
3820,165,-528,1
3820,134,-578,1
3864,150,-580,1
3933,256,-577,1
4034,293,-590,1
4060,234,-668,1
4161,205,-646,1
4285,252,-627,1
4330,297,-658,1
4482,361,-532,1
4577,364,-432,1
4640,414,-327,1
4654,372,-271,1
4593,383,-182,1
4497,379,-162,1
4458,360,-88,1
4346,326,-59,1
4235,227,-75,1
4138,170,-54,1
3979,106,-96,1
3860,57,-109,1
3714,7,-146,1
3674,-43,-193,1
3727,-111,-190,1
3733,-66,-201,1
3733,-99,-255,1
3708,-115,-314,1
3695,-106,-337,1
3671,-39,-350,1
3684,-18,-355,1
3662,39,-357,1
3611,114,-377,1
3581,142,-395,1
3514,162,-432,1
3552,181,-411,1
3572,177,-422,1
3649,195,-363,1
3678,193,-338,1
3716,236,-290,1
3808,240,-215,1
3782,230,-219,1
3769,213,-197,1
3793,203,-138,1
3809,139,-120,1
3838,79,-96,1
3875,33,-91,1
3797,-29,-167,1
3652,-84,-262,1
3484,-107,-302,1
3361,-113,-298,1
3184,-60,-360,1
3044,-51,-478,1
2906,8,-759,1
2808,183,-1300,1
2816,566,-2214,1
3034,1295,-3358,1
3673,1989,-4037,1
4756,2685,-3761,1
5936,3126,-2480,1
6437,3569,-729,1
6182,3381,950,1
5491,2522,2047,1
4712,1417,2389,1
4051,445,2281,1
3591,-149,2096,1
3408,-562,1922,1
3507,-943,1754,1
3792,-1232,1487,1
4118,-1253,1138,1
4449,-1001,771,1
4739,-558,432,1
4943,-172,80,1
5137,129,-129,1
5306,338,-129,1
5406,570,75,1
5394,720,444,1
5258,680,767,1
5042,571,948,1
4803,510,1012,1
4657,477,984,1
4624,566,1024,1
4712,665,1076,1
4817,750,1059,1
4880,861,1020,1
4887,969,997,1
4855,1085,1054,1
4816,1216,1193,1
4735,1261,1282,1
4576,1227,1324,1
4388,1212,1365,1
4243,1167,1409,1
4118,1132,1430,1
4020,1037,1414,1
3949,1011,1421,1
3899,965,1395,1
3887,956,1404,1
3910,935,1400,1
3944,904,1375,1
3948,855,1311,1
3935,805,1228,1
3932,810,1181,1
3870,815,1085,1
3779,857,991,1
3680,888,892,1
3573,995,832,1
3441,1069,732,1
3264,1160,564,1
3103,1323,399,1
2937,1488,25,1
2918,1627,-600,1
3094,1601,-1347,1
3388,1463,-2071,1
3696,1131,-2843,1
3659,758,-3659,1
3396,574,-4071,1
3151,723,-3590,1
3050,919,-2546,1
3194,1188,-1389,1
3441,1384,-355,1
3763,1421,447,1
4148,1624,1176,1
4426,1597,1590,1
4554,1601,2048,1
4519,1395,2309,1
4307,1054,2417,1
3946,738,2288,1
3495,318,1851,1
3100,170,1387,1
2767,-88,692,1
2501,-49,94,1
2394,-164,-469,1
2343,-322,-958,1
2437,-389,-1245,1
2575,-584,-1478,1
2703,-626,-1508,1
2811,-710,-1474,1
3018,-547,-1151,1
3289,-402,-791,1
3691,-166,-302,1
4150,-10,116,1
4528,-28,354,1
4721,41,474,1
4929,42,636,1
5067,-250,689,1
4963,-805,574,1
4873,-1249,558,1
4988,-1464,745,1
5225,-1840,790,1
5599,-1899,968,1
5995,-2038,1015,1
6307,-1820,1230,1
6619,-1570,1450,1
6794,-1293,1709,1
6789,-1034,1761,1
6612,-1007,1650,1
6257,-732,1621,1
5844,-532,1539,1
5472,-125,1429,1
5123,322,1319,1
4868,514,1224,1
4645,661,1144,1
4408,781,1064,1
4194,807,911,1
4014,837,709,1
3859,830,536,1
3752,775,345,1
3659,747,171,1
3593,679,-6,1
3548,587,-151,1
3509,504,-272,1
3485,413,-331,1
3468,326,-355,1
3433,249,-379,1
3394,191,-452,1
3381,105,-552,1
3406,49,-627,1
3461,-62,-703,1
3539,-133,-730,1
3605,-219,-764,1
3647,-259,-800,1
3693,-340,-817,1
3759,-408,-861,1
3829,-469,-899,1
3907,-448,-894,1
3963,-419,-872,1
4001,-395,-852,1
4052,-371,-817,1
4033,-262,-828,1
4048,-174,-837,1
4085,-90,-826,1
4123,-6,-813,1
4198,-3,-826,1
4233,26,-856,1
4186,63,-861,1
4118,28,-854,1
4068,-47,-843,1
4008,-175,-868,1
3955,-274,-911,1
3894,-357,-974,1
3810,-438,-1063,1
3760,-459,-1101,1
3731,-464,-1123,1
3699,-499,-1114,1
3653,-511,-1062,1
3610,-544,-987,1
3575,-571,-894,1
3558,-600,-786,1
3528,-593,-688,1
3521,-594,-586,1
3512,-609,-512,1
3516,-612,-458,1
3534,-610,-416,1
3533,-617,-393,1
3543,-671,-411,1
3528,-646,-431,1
3516,-607,-457,1
3472,-521,-482,1
3424,-453,-556,1
3377,-297,-607,1
3319,-34,-608,1
3247,291,-614,1
3217,738,-640,1
3233,1085,-799,1
3303,1524,-868,1
3479,2057,-895,1
3705,2519,-965,1
3944,2837,-1041,1
4293,3106,-1042,1
4601,3579,-1108,1
5006,3892,-1190,1
5315,4076,-1227,1
5600,3971,-1140,1
5641,3579,-1001,1
5515,3057,-722,1
5094,2170,-656,1
4561,1541,-391,1
4049,1041,-110,1
3634,370,33,1
3356,-127,265,1
3215,-622,398,1
3259,-1075,467,1
3500,-1374,603,1
3850,-1516,760,1
4151,-1307,836,1
4407,-1073,808,1
4542,-862,675,1
4672,-605,555,1
4677,-226,330,1
4678,241,178,1
4616,727,29,1
4507,1023,-184,1
4416,1053,-316,1
4376,1254,-237,1
4388,1370,-76,1
4367,1440,109,1
4363,1199,188,1
4363,1454,449,1
4386,1477,548,1
4367,1614,720,1
4399,1686,796,1
4367,1724,669,1
4307,1930,593,1
4310,1976,454,1
4363,2030,350,1
4358,2118,269,1
4376,2082,183,1
4361,2153,169,1
4372,2148,211,1
4353,2067,251,1
4336,2023,296,1
4290,1945,315,1
4278,1925,368,1
4264,1974,458,1
4291,1796,542,1
4272,1647,639,1
4261,1527,734,1
4198,1437,778,1
4167,1216,824,1
4106,1144,896,1
4073,988,996,1
4016,742,1030,1
3950,605,999,1
3923,488,904,1
3927,697,888,1
3949,510,759,1
3969,446,606,1
3980,362,435,1
3980,371,315,1
3949,461,208,1
3919,440,97,1
3930,520,31,1
3910,617,-58,1
3893,719,-98,1
3871,854,-98,1
3885,963,-70,1
3895,1007,-64,1
3868,1039,-63,1
3850,1073,-77,1
3844,1173,-59,1
3853,1258,-29,1
3861,1257,-36,1
3889,1276,-23,1
3865,1279,-86,1
3834,1419,-78,1
3838,1504,-46,1
3918,1601,73,1
3896,1682,98,1
3970,1645,165,1
4015,1654,201,1
3937,1547,139,1
3875,1469,135,1
3912,1345,151,1
3933,1198,140,1
3982,1117,182,1
3987,1061,156,1
3910,1018,61,1
3970,957,101,1
3947,948,60,1
3990,882,59,1
3923,898,-53,1
3951,899,-37,1
3972,930,-23,1
4055,897,-8,1
3975,915,-79,1
3917,972,-92,1
3960,989,-84,1
3874,1068,-155,1
3949,1128,-85,1
3923,1177,-106,1
3988,1243,-56,1
4081,1279,5,1
4167,1321,45,1
4143,1354,24,1
4100,1373,14,1
4061,1380,9,1
4010,1383,13,1
3963,1367,39,1
3921,1346,64,1
3887,1323,93,1
3861,1299,122,1
3842,1285,149,1
3825,1268,162,1
3811,1251,170,1
3793,1241,162,1
3770,1228,146,1
3740,1216,130,1
3705,1199,113,1
3672,1189,103,1
3649,1181,90,1
3630,1177,74,1
3615,1189,57,1
3598,1206,46,1
3580,1211,38,1
3557,1196,50,1
3536,1168,66,1
3526,1145,85,1
3509,1134,92,1
3488,1136,83,1
3473,1133,68,1
3448,1126,48,1
3443,1118,43,1
3466,1109,52,1
3512,1080,61,1
3540,1071,64,1
3558,1061,45,1
3578,1049,34,1
3591,1039,23,1
3592,1029,16,1
3602,1009,8,1
3597,995,-42,1
3636,996,-48,1
3689,989,-57,1
3754,951,-46,1
3794,933,-47,1
3835,922,-33,1
3859,911,-24,1
3888,880,12,1
3924,839,39,1
3952,800,61,1
3991,720,53,1
4021,685,23,1
4055,730,-5,1
4101,793,-86,1
4168,837,-117,1
4214,802,-143,1
4234,834,-154,1
4232,846,-219,1
4212,873,-269,1
4195,833,-304,1
4178,781,-324,1
4210,800,-292,1
4235,804,-349,1
4230,772,-429,1
4244,852,-451,1
4267,847,-530,1
4295,815,-575,1
4311,781,-646,1
4338,745,-654,1
4427,811,-586,1
4494,797,-589,1
4521,827,-600,1
4580,923,-579,1
4642,1054,-470,1
4701,1113,-329,1
4676,1147,-209,1
4657,1209,-32,1
4642,1209,38,1
4605,1237,107,1
4543,1229,132,1
4498,1278,174,1
4432,1215,132,1
4363,1227,138,1
4301,1168,131,1
4279,1186,171,1
4254,1098,137,1
4160,945,108,1
4082,934,137,1
3889,786,67,1
3827,778,98,1
3640,580,-10,1
3582,684,40,1
3649,871,39,1
3600,782,-92,1
3486,864,-123,1
3532,962,-97,1
3461,912,-132,1
3544,888,-98,1
3709,958,-31,1
3662,986,-52,1
3450,818,-169,1
3371,720,-158,1
3386,740,-155,1
3434,797,-128,1
3607,829,-31,1
3747,806,-75,1
3910,680,-133,1
3997,624,-93,1
3983,679,-13,1
4040,575,-160,1
4089,447,-219,1
4120,526,-219,1
4216,526,-148,1
4204,356,-217,1
4172,206,-194,1
4095,248,-267,1
3983,224,-315,1
3915,81,-373,1
3985,50,-320,1
4048,-47,-291,1
4097,-43,-222,1
4263,115,-73,1
4299,58,-127,1
4197,-84,-183,1
4203,-109,-122,1
4187,-171,-100,1
4246,-175,36,1
4243,-204,102,1
4148,-176,144,1
4058,-69,169,1
3997,-67,116,1
3860,-204,15,1
3873,-126,41,1
3884,-190,28,1
3932,-208,47,1
3975,-242,29,1
4012,-243,7,1
4035,-272,-25,1
4055,-242,-47,1
4106,-182,-77,1
4128,-122,-121,1
4146,-5,-130,1
4159,124,-146,1
4170,295,-104,1
4187,250,-141,1
4171,212,-175,1
4136,261,-211,1
4145,354,-173,1
4154,321,-160,1
4128,301,-116,1
4140,382,-86,1
4167,485,-71,1
4198,557,-75,1
4169,493,-147,1
4124,435,-201,1
4112,475,-211,1
4105,474,-253,1
4087,464,-274,1
4047,464,-283,1
3975,414,-302,1
3910,434,-275,1
3884,432,-252,1
3847,425,-228,1
3825,456,-193,1
3841,472,-167,1
3854,455,-158,1
3864,488,-169,1
3879,492,-208,1
3884,504,-238,1
3910,525,-257,1
3922,517,-300,1
3932,544,-301,1
3904,505,-384,1
3914,464,-430,1
3964,471,-442,1
3957,451,-539,1
4000,552,-530,1
4034,581,-544,1
4026,565,-561,1
4037,570,-512,1
4024,572,-498,1
3979,562,-466,1
3923,545,-443,1
3885,539,-424,1
3865,518,-437,1
3882,508,-446,1
3954,515,-498,1
4036,476,-510,1
4101,389,-496,1
4128,315,-462,1
4135,303,-424,1
4158,266,-401,1
4160,270,-381,1
4143,269,-396,1
4125,234,-380,1
4095,225,-361,1
4053,214,-326,1
4029,224,-305,1
4041,243,-307,1
4071,253,-282,1
4085,239,-238,1
4056,270,-147,1
4026,206,-68,1
3969,170,2,1
3926,185,64,1
3904,166,66,1
3897,208,92,1
3912,224,88,1
3913,201,101,1
3890,168,130,1
3880,156,176,1
3886,128,199,1
3904,100,221,1
3922,53,255,1
3958,23,309,1
3957,-34,334,1
3970,-107,367,1
4014,-138,398,1
4080,-165,391,1
4147,-267,363,1
4056,-325,351,1
4023,-288,374,1
4065,-227,382,1
4115,-209,365,1
4117,-219,340,1
4166,-234,343,1
4227,-263,374,1
4192,-346,395,1
4114,-449,418,1
4078,-446,462,1
4092,-402,481,1
4131,-343,490,1
4163,-363,467,1
4189,-410,432,1
4200,-418,414,1
4258,-431,383,1
4286,-436,314,1
4294,-415,312,1
4235,-343,353,1
4229,-462,331,1
4179,-521,329,1
4146,-488,333,1
4109,-490,270,1
4117,-396,226,1
4142,-306,243,1
4129,-423,227,1
4105,-316,220,1
4097,-377,162,1
4087,-393,185,1
4106,-295,103,1
4054,-340,49,1
4080,-220,84,1
4089,-123,62,1
4097,-211,30,1
4087,-201,13,1
4081,-184,-37,1
4093,-95,-95,1
4115,-117,-181,1
4098,-5,-137,1
4108,-42,-191,1
4101,-14,-215,1
4080,-116,-272,1
4060,-228,-291,1
4062,-210,-206,1
4035,-131,-128,1
3973,-214,-112,1
3898,-222,-164,1
3844,-136,-164,1
3825,-110,-182,1
3794,-106,-162,1
3767,-177,-187,1
3774,-146,-112,1
3813,-101,-106,1
3824,-106,-112,1
3827,-216,-136,1
3837,-197,-108,1
3843,-130,-118,1
3856,-65,-107,1
3888,-43,-93,1
3871,-113,-144,1
3906,-228,-189,1
3935,-305,-184,1
3922,-379,-159,1
3902,-360,-135,1
3863,-428,-129,1
3830,-494,-115,1
3818,-508,-132,1
3833,-508,-128,1
3845,-435,-142,1
3856,-363,-131,1
3856,-361,-118,1
3859,-411,-94,1
3876,-475,-58,1
3879,-498,-18,1
3880,-486,-16,1
3902,-514,-7,1
3920,-502,4,1
3938,-463,-20,1
3958,-483,-19,1
3968,-493,-1,1
3967,-434,-1,1
3959,-432,16,1
3947,-411,40,1
3936,-410,63,1
3947,-393,76,1
3938,-347,119,1
3957,-301,157,1
3970,-319,195,1
3972,-342,219,1
3971,-375,236,1
3967,-475,253,1
3966,-495,273,1
3948,-503,225,1
3918,-320,46,1
3864,150,-261,1
3873,747,-458,1
3951,1097,-472,1
4129,1151,-438,1
4292,872,-384,1
4322,530,-386,1
4234,192,-331,1
4113,-8,-243,1
4005,-117,-80,1
3937,-115,82,1
3923,-115,192,1
3975,-83,273,1
4075,-126,399,1
4162,-73,529,1
4245,-12,659,1
4349,86,781,1
4468,149,899,1
4609,202,993,1
4723,199,1041,1
4831,226,1051,1
4917,258,985,1
4961,310,892,1
4983,301,796,1
4973,222,674,1
4911,208,608,1
4840,151,563,1
4711,91,536,1
4547,15,527,1
4383,-35,532,1
4236,-85,536,1
4096,-129,530,1
4024,-128,543,1
4009,-122,549,1
4027,-93,566,1
4067,-78,594,1
4105,13,625,1
4154,55,675,1
4181,114,730,1
4200,155,750,1
4194,217,764,1
4221,293,790,1
4230,287,785,1
4221,306,745,1
4206,364,678,1
4169,407,612,1
4139,397,544,1
4108,435,499,1
4088,430,448,1
4070,444,380,1
4050,444,295,1
4022,442,238,1
3988,442,207,1
3963,427,198,1
3946,408,214,1
3921,346,221,1
3908,235,243,1
3896,137,242,1
3876,83,271,1
3886,-23,274,1
3920,-53,308,1
3937,-54,312,1
3927,-28,326,1
3912,-9,365,1
3902,-2,386,1
3903,47,440,1
3871,127,407,1
3877,230,449,1
3901,133,461,1
3891,152,472,1
3869,163,448,1
3862,155,452,1
3874,77,385,1
3837,185,383,1
3818,205,356,1
3792,249,337,1
3762,335,333,1
3759,362,320,1
3729,401,277,1
3735,434,342,1
3712,490,396,1
3706,516,457,1
3709,463,502,1
3763,477,565,1
3756,467,631,1
3718,544,664,1
3731,533,676,1
3814,475,736,1
3870,450,775,1
3880,429,747,1
3889,475,774,1
3895,416,718,1
3861,443,633,1
3775,540,576,1
3718,388,451,1
3702,314,438,1
3714,297,478,1
3712,295,523,1
3689,197,542,1
3684,163,637,1
3690,110,716,1
3673,78,729,1
3656,109,806,1
3630,140,869,1
3648,60,853,1
3693,83,833,1
3725,43,789,1
3720,72,748,1
3762,141,771,1
3835,107,804,1
3809,120,792,1
3790,118,738,1
3805,168,749,1
3870,13,698,1
3827,166,730,1
3802,209,749,1
3783,175,821,1
3768,244,917,1
3766,304,961,1
3755,278,961,1
3735,239,939,1
3738,278,920,1
3741,262,924,1
3787,18,813,1
3764,188,865,1
3765,221,876,1
3795,241,887,1
3838,223,886,1
3866,202,875,1
3882,191,841,1
3833,285,787,1
3860,305,842,1
3899,152,873,1
3905,117,927,1
3919,129,941,1
3880,152,944,1
3870,144,951,1
3877,148,983,1
3887,184,1004,1
3953,-70,882,1
3918,113,926,1
3929,157,918,1
3947,154,974,1
3945,166,1044,1
3922,173,1057,1
3929,-57,893,1
3899,214,960,1
3916,249,971,1
3979,324,1051,1
3956,321,1040,1
3962,301,999,1
3915,262,808,1
3929,386,859,1
3963,291,862,1
3996,253,909,1
3934,402,952,1
3914,482,991,1
3931,318,966,1
3927,296,970,1
3944,273,936,1
3983,252,910,1
3951,237,887,1
3945,259,832,1
3955,209,808,1
3933,165,737,1
3924,353,879,1
3955,189,813,1
3961,162,822,1
4007,148,863,1
4030,208,959,1
4032,118,956,1
4035,104,889,1
4079,-238,722,1
4045,146,900,1
4068,35,839,1
4043,68,910,1
4011,53,904,1
4010,-241,723,1
3953,14,810,1
3966,-20,819,1
3970,31,894,1
3968,75,919,1
3869,-292,646,1
3910,172,900,1
3896,-16,919,1
3869,112,1086,1
3879,18,1129,1
3884,15,1188,1
3910,-27,1223,1
3911,-63,1249,1
3910,-72,1279,1
3927,-73,1316,1
3905,-125,1368,1
3916,-171,1412,1
3936,-166,1447,1
3939,-161,1462,1
3920,-167,1516,1
3921,-176,1573,1
3957,-203,1601,1
3992,-187,1633,1
3979,-209,1636,1
3958,-248,1638,1
3958,-226,1645,1
3973,-211,1626,1
3984,-153,1636,1
3969,-137,1625,1
3958,-113,1599,1
3951,-82,1577,1
3937,-101,1559,1
3925,-101,1542,1
3915,-122,1533,1
3924,-153,1516,1
3923,-130,1533,1
3912,-169,1504,1
3896,-127,1534,1
3886,-125,1516,1
3868,-102,1501,1
3836,-93,1479,1
3808,-80,1448,1
3770,-97,1395,1
3728,-81,1367,1
3678,-95,1332,1
3691,-46,1306,1
3605,-43,1295,1
3544,6,1324,1
3395,217,1475,1
3492,326,1513,1
3471,50,1467,1
3411,78,1414,1
3374,-23,1312,1
3345,-13,1305,1
3368,-225,1237,1
3325,-40,1233,1
3326,-69,1216,1
3340,11,1212,1
3339,38,1179,1
3314,111,1196,1
3269,100,1188,1
3227,118,1176,1
3178,213,1158,1
3140,130,1128,1
3100,134,1120,1
3059,169,1093,1
3029,173,1098,1
2995,240,1130,1
2962,231,1120,1
2942,269,1136,1
2925,273,1144,1
2920,289,1161,1
2908,258,1218,1
2912,275,1268,1
2906,283,1340,1
2890,262,1412,1
2861,259,1428,1
2850,263,1479,1
2817,281,1500,1
2777,285,1554,1
2735,304,1581,1
2693,295,1631,1
2654,312,1664,1
2615,283,1682,1
2594,252,1672,1
2568,199,1678,1
2536,149,1699,1
2506,77,1695,1
2483,22,1705,1
2447,4,1775,1
2460,-40,1843,1
2497,-26,1909,1
2544,24,1992,1
2632,38,2131,1
2735,34,2309,1
2842,3,2487,1
2946,-13,2662,1
3030,-86,2773,1
3103,-171,2812,1
3168,-236,2775,1
3232,-175,2702,1
3266,0,2626,1
3351,274,2554,1
3503,1317,2564,1
3935,1873,2783,1
4621,2105,3173,1
5800,2448,3998,1
7506,2993,5479,1
9631,3974,7632,1
11434,4632,9634,1
12043,4966,10353,1
11155,4435,9413,1
9703,3236,7857,1
8405,2108,6559,1
7239,653,5300,1
6341,-274,4502,1
5702,-721,4156,1
5473,-1044,3828,1
5480,-1152,3287,1
5396,-1004,2602,1
5207,-874,1957,1
4865,-704,1409,1
4509,-572,950,1
4083,-447,578,1
3606,-347,335,1
3194,-189,250,1
2871,-47,267,1
2658,179,384,1
2516,313,472,1
2418,501,609,1
2385,666,681,1
2287,854,725,1
2164,1030,693,1
2444,1007,662,1
2463,1205,524,1
2322,1292,362,1
2076,1546,341,1
2411,1129,131,1
2306,1045,43,1
2428,870,-8,1
2505,794,-61,1
2636,546,-167,1
2611,402,-233,1
2554,324,-240,1
2534,262,-155,1
2554,217,7,1
2630,237,241,1
2769,264,480,1
2925,293,707,1
3069,329,927,1
3231,290,1126,1
3415,266,1362,1
3616,193,1652,1
3874,91,1996,1
4153,21,2331,1
4390,-130,2639,1
4339,-74,2900,1
4469,-96,3076,1
4531,-185,3233,1
4575,-320,3369,1
4682,-497,3418,1
4748,-670,3415,1
4787,-931,3365,1
4784,-1189,3322,1
4756,-1514,3294,1
4605,-1751,3266,1
4439,-1963,3204,1
4260,-2089,3127,1
4087,-2259,3085,1
3914,-2392,3028,1
3769,-2493,2974,1
3617,-2539,2906,1
3466,-2535,2787,1
3325,-2460,2678,1
3202,-2406,2520,1
3107,-2339,2374,1
3077,-2233,2260,1
3008,-2065,2177,1
3000,-2008,2048,1
2995,-1918,1959,1
2992,-1820,1899,1
2973,-1574,1862,1
3102,-1660,1886,1
3178,-1593,1854,1
3277,-1680,1832,1
3327,-1589,1765,1
3352,-1603,1725,1
3446,-1595,1801,1
3505,-1506,1787,1
3546,-1482,1764,1
3595,-1380,1801,1
3629,-1313,1784,1
3676,-1208,1800,1
3705,-1101,1780,1
3772,-961,1835,1
3795,-901,1820,1
3811,-865,1803,1
3837,-761,1865,1
3828,-704,1883,1
3830,-540,1945,1
3863,-557,1929,1
3839,-651,1849,1
3884,-634,1911,1
3891,-626,1894,1
3878,-599,1907,1
3890,-466,1978,1
3857,-444,1930,1
3854,-554,1942,1
3815,-702,1953,1
3783,-790,1973,1
3761,-617,2066,1
3713,-600,2072,1
3686,-696,2080,1
3600,-808,2094,1
3522,-762,2156,1
3482,-849,2173,1
3418,-879,2171,1
3391,-869,2212,1
3337,-936,2230,1
3303,-978,2255,1
3280,-1038,2256,1
3255,-1049,2279,1
3223,-1041,2265,1
3199,-1044,2273,1
3161,-1034,2280,1
3169,-1036,2277,1
3159,-1026,2270,1
3154,-1004,2281,1
3151,-982,2291,1
3152,-963,2295,1
3169,-943,2298,1
3190,-922,2294,1
3218,-898,2284,1
3242,-877,2261,1
3262,-859,2247,1
3281,-841,2235,1
3307,-824,2233,1
3331,-814,2225,1
3358,-805,2223,1
3383,-794,2223,1
3406,-780,2221,1
3426,-772,2223,1
3443,-765,2215,1
3456,-766,2210,1
3466,-767,2201,1
3470,-768,2190,1
3467,-769,2178,1
3465,-769,2175,1
3455,-768,2170,1
3447,-770,2161,1
3437,-765,2155,1
3422,-764,2148,1
3409,-755,2144,1
3401,-746,2140,1
3389,-746,2138,1
3381,-747,2138,1
3368,-754,2134,1
3354,-763,2122,1
3341,-776,2115,1
3333,-787,2103,1
3328,-803,2095,1
3330,-810,2090,1
3334,-817,2087,1
3344,-821,2089,1
3353,-824,2099,1
3361,-816,2105,1
3363,-819,2108,1
3366,-821,2113,1
3369,-815,2124,1
3368,-806,2133,1
3382,-821,2142,1
3367,-762,2177,1
3367,-758,2189,1
3357,-738,2213,1
3360,-729,2222,1
3362,-714,2231,1
3356,-705,2244,1
3348,-698,2256,1
3341,-692,2262,1
3333,-691,2267,1
3331,-693,2269,1
3330,-696,2266,1
3333,-693,2263,1
3334,-688,2257,1
3336,-685,2253,1
3335,-680,2247,1
3337,-678,2243,1
3341,-675,2240,1
3345,-675,2238,1
3348,-681,2235,1
3351,-688,2234,1
3357,-696,2232,1
3361,-703,2233,1
3359,-707,2228,1
3352,-713,2222,1
3345,-716,2220,1
3336,-717,2216,1
3327,-722,2212,1
3323,-724,2201,1
3329,-730,2192,1
3331,-730,2192,1
3330,-733,2192,1
3335,-739,2194,1
3347,-744,2202,1
3364,-751,2207,1
3377,-757,2216,1
3385,-767,2224,1
3385,-773,2225,1
3380,-777,2225,1
3370,-779,2222,1
3363,-780,2218,1
3353,-783,2210,1
3347,-785,2213,1
3341,-790,2207,1
3343,-799,2208,1
3355,-798,2212,1
3374,-798,2219,1
3392,-804,2223,1
3399,-808,2227,1
3400,-811,2229,1
3394,-810,2230,1
3380,-811,2226,1
3377,-808,2228,1
3369,-806,2225,1
3357,-802,2220,1
3349,-804,2216,1
3341,-804,2207,1
3342,-802,2202,1
3341,-802,2200,1
3338,-804,2197,1
3335,-804,2197,1
3340,-805,2201,1
3349,-802,2199,1
3358,-798,2200,1
3365,-790,2203,1
3363,-787,2206,1
3361,-789,2205,1
3358,-788,2205,1
3354,-787,2208,1
3351,-787,2211,1
3359,-785,2211,1
3361,-785,2209,1
3368,-797,2207,1
3371,-800,2201,1
3374,-789,2193,1
3354,-758,2197,1
3345,-782,2186,1
3343,-776,2189,1
3349,-776,2194,1
3359,-779,2200,1
3370,-778,2204,1
3384,-778,2205,1
3387,-784,2209,1
3385,-787,2211,1
3381,-787,2211,1
3374,-786,2211,1
3368,-784,2208,1
3365,-783,2211,1
3357,-779,2212,1
3349,-776,2218,1
3346,-776,2220,1
3340,-776,2218,1
3336,-770,2222,1
3329,-768,2222,1
3327,-772,2221,1
3328,-769,2221,1
3330,-770,2223,1
3330,-772,2228,1
3328,-770,2227,1
3329,-772,2227,1
3330,-773,2229,1
3332,-780,2233,1
3340,-784,2232,1
3343,-785,2232,1
3344,-782,2235,1
3352,-783,2240,1
3363,-791,2237,1
3350,-778,2235,1
3336,-779,2232,1
3325,-782,2236,1
3318,-785,2239,1
3317,-788,2242,1
3317,-793,2242,1
3317,-797,2243,1
3322,-804,2240,1
3331,-807,2240,1
3339,-809,2239,1
3353,-810,2241,1
3365,-808,2247,1
3370,-804,2251,1
3376,-806,2255,1
3372,-809,2252,1
3361,-812,2251,1
3347,-812,2246,1
3343,-812,2240,1
3349,-811,2233,1
3352,-810,2228,1
3356,-807,2221,1
3360,-800,2220,1
3359,-798,2219,1
3355,-799,2219,1
3353,-799,2222,1
3354,-797,2229,1
3358,-793,2235,1
3363,-789,2231,1
3367,-780,2223,1
3364,-771,2215,1
3355,-763,2208,1
3345,-757,2203,1
3329,-752,2200,1
3317,-747,2194,1
3307,-744,2194,1
3307,-748,2194,1
3317,-749,2198,1
3316,-754,2212,1
3328,-758,2225,1
3332,-768,2226,1
3331,-766,2235,1
3330,-769,2241,1
3338,-774,2247,1
3352,-803,2260,1
3351,-786,2265,1
3345,-787,2268,1
3341,-786,2278,1
3337,-784,2278,1
3338,-785,2279,1
3338,-786,2277,1
3338,-790,2276,1
3340,-793,2275,1
3362,-816,2263,1
3350,-780,2262,1
3335,-777,2257,1
3325,-773,2255,1
3324,-773,2256,1
3319,-773,2256,1
3319,-767,2254,1
3324,-765,2253,1
3324,-764,2248,1
3326,-762,2247,1
3324,-757,2246,1
3325,-751,2244,1
3326,-751,2245,1
3328,-752,2242,1
3326,-756,2242,1
3325,-752,2243,1
3327,-753,2242,1
3328,-750,2243,1
3326,-755,2243,1
3327,-756,2246,1
3328,-757,2246,1
3326,-759,2245,1
3322,-758,2246,1
3324,-758,2249,1
3324,-760,2253,1
3326,-762,2254,1
3328,-764,2251,1
3333,-764,2254,1
3339,-767,2254,1
3342,-769,2253,1
3343,-768,2253,1
3341,-769,2259,1
3338,-769,2259,1
3338,-773,2261,1
3337,-770,2263,1
3332,-773,2269,1
3327,-777,2268,1
3326,-779,2264,1
3328,-778,2262,1
3332,-779,2264,1
3332,-779,2266,1
3332,-779,2264,1
3333,-783,2262,1
3331,-781,2263,1
3329,-779,2262,1
3326,-777,2263,1
3327,-777,2267,1
3328,-775,2269,1
3327,-777,2270,1
3329,-779,2271,1
3331,-779,2267,1
3338,-782,2268,1
3345,-784,2267,1
3348,-794,2268,1
3327,-771,2264,1
3314,-775,2257,1
3311,-777,2251,1
3315,-777,2250,1
3317,-782,2251,1
3319,-783,2250,1
3323,-781,2252,1
3324,-771,2255,1
3328,-772,2261,1
3324,-772,2263,1
3329,-771,2265,1
3330,-770,2266,1
3336,-767,2266,1
3337,-765,2268,1
3340,-764,2265,1
3337,-762,2265,1
3333,-762,2259,1
3333,-763,2255,1
3328,-759,2253,1
3324,-756,2257,1
3328,-757,2257,1
3322,-754,2259,1
3325,-755,2261,1
3324,-760,2259,1
3326,-763,2262,1
3327,-767,2258,1
3326,-768,2257,1
3319,-767,2259,1
3319,-771,2258,1
3316,-772,2256,1
3314,-773,2256,1
3319,-776,2259,1
3322,-774,2260,1
3323,-779,2259,1
3324,-778,2257,1
3327,-777,2259,1
3324,-776,2259,1
3318,-777,2260,1
3317,-777,2259,1
3318,-773,2260,1
3318,-771,2259,1
3321,-771,2256,1
3320,-767,2253,1
3319,-768,2253,1
3321,-771,2254,1
3317,-771,2253,1
3318,-776,2253,1
3321,-777,2253,1
3329,-779,2256,1
3328,-779,2255,1
3332,-774,2260,1
3332,-776,2259,1
3330,-768,2258,1
3334,-768,2259,1
3337,-773,2257,1
3338,-774,2255,1
3339,-772,2251,1
3338,-777,2250,1
3337,-782,2252,1
3335,-783,2254,1
3336,-782,2253,1
3334,-785,2251,1
3336,-785,2254,1
3357,-825,2252,1
3342,-772,2260,1
3328,-779,2252,1
3322,-779,2256,1
3325,-783,2255,1
3325,-780,2258,1
3325,-778,2257,1
3323,-778,2253,1
3316,-778,2254,1
3320,-775,2252,1
3322,-773,2254,1
3323,-774,2252,1
3323,-776,2256,1
3321,-775,2261,1
3323,-776,2261,1
3326,-777,2263,1
3324,-775,2261,1
3326,-776,2259,1
3331,-775,2259,1
3336,-776,2259,1
3339,-775,2255,1
3337,-773,2253,1
3337,-768,2255,1
3337,-767,2258,1
3331,-766,2262,1
3328,-762,2266,1
3326,-764,2264,1
3321,-767,2268,1
3318,-767,2272,1
3319,-766,2277,1
3321,-763,2279,1
3325,-763,2277,1
3329,-764,2278,1
3329,-768,2274,1
3320,-774,2269,1
3316,-777,2261,1
3318,-777,2257,1
3319,-776,2253,1
3326,-773,2248,1
3328,-770,2249,1
3331,-765,2252,1
3329,-762,2253,1
3323,-762,2257,1
3316,-762,2257,1
3310,-761,2260,1
3311,-761,2267,1
3321,-756,2272,1
3328,-754,2271,1
3328,-746,2263,1
3325,-740,2254,1
3316,-731,2248,1
3310,-727,2234,1
3305,-727,2236,1
3306,-727,2238,1
3306,-732,2244,1
3317,-741,2246,1
3327,-754,2251,1
3331,-764,2256,1
3333,-775,2260,1
3338,-788,2264,1
3339,-793,2266,1
3339,-797,2265,1
3338,-800,2269,1
3341,-803,2269,1
3340,-800,2270,1
3336,-801,2270,1
3334,-797,2273,1
3335,-790,2272,1
3336,-790,2274,1
3333,-788,2275,1
3329,-787,2273,1
3324,-781,2268,1
3318,-777,2265,1
3314,-772,2257,1
3310,-769,2255,1
3310,-767,2250,1
3312,-764,2248,1
3312,-764,2249,1
3314,-763,2247,1
3314,-762,2248,1
3319,-765,2246,1
3320,-765,2244,1
3321,-764,2248,1
3321,-765,2247,1
3323,-765,2252,1
3328,-764,2253,1
3326,-763,2255,1
3327,-759,2259,1
3328,-763,2268,1
3331,-768,2272,1
3329,-768,2275,1
3326,-767,2278,1
3324,-764,2281,1
3325,-762,2279,1
3328,-759,2280,1
3326,-758,2279,1
3320,-758,2275,1
3321,-761,2278,1
3323,-759,2273,1
3320,-757,2275,1
3317,-759,2270,1
3316,-759,2269,1
3323,-761,2266,1
3321,-763,2263,1
3323,-765,2258,1
3319,-768,2257,1
3316,-769,2255,1
3318,-768,2255,1
3322,-768,2259,1
3326,-771,2259,1
3325,-769,2263,1
3325,-768,2265,1
3326,-769,2262,1
3322,-769,2263,1
3319,-767,2265,1
3320,-765,2264,1
3323,-768,2261,1
3325,-767,2264,1
3327,-766,2264,1
3324,-771,2263,1
3328,-771,2263,1
3328,-775,2261,1
3332,-771,2263,1
3332,-772,2266,1
3331,-773,2265,1
3325,-772,2266,1
3322,-773,2269,1
3318,-774,2263,1
3315,-773,2266,1
3315,-773,2268,1
3313,-773,2268,1
3314,-776,2267,1
3317,-778,2271,1
3319,-775,2270,1
3326,-780,2273,1
3326,-779,2271,1
3326,-776,2273,1
3327,-777,2275,1
3326,-774,2278,1
3325,-774,2276,1
3325,-771,2276,1
3323,-768,2275,1
3319,-771,2275,1
3321,-769,2272,1
3328,-772,2271,1
3332,-771,2272,1
3327,-769,2271,1
3326,-772,2268,1
3323,-772,2270,1
3322,-774,2270,1
3320,-772,2268,1
3318,-767,2273,1
3315,-767,2273,1
3316,-761,2274,1
3315,-761,2276,1
3315,-764,2278,1
3321,-765,2284,1
3318,-763,2277,1
3319,-765,2277,1
3317,-766,2277,1
3316,-767,2274,1
3318,-767,2272,1
3319,-766,2273,1
3316,-763,2275,1
3313,-759,2272,1
3313,-759,2273,1
3310,-757,2274,1
3313,-752,2277,1
3314,-751,2279,1
3315,-749,2278,1
3309,-748,2282,1
3312,-749,2288,1
3315,-750,2289,1
3314,-748,2290,1
3310,-747,2289,1
3309,-750,2289,1
3306,-748,2290,1
3302,-759,2284,1
3301,-754,2290,1
3296,-751,2290,1
3300,-753,2285,1
3306,-750,2286,1
3309,-749,2283,1
3309,-746,2283,1
3309,-749,2283,1
3308,-751,2281,1
3305,-756,2284,1
3309,-756,2281,1
3307,-752,2284,1
3308,-756,2284,1
3305,-757,2284,1
3304,-755,2286,1
3305,-755,2287,1
3305,-755,2286,1
3307,-760,2285,1
3308,-762,2283,1
3310,-762,2279,1
3308,-763,2281,1
3308,-760,2283,1
3306,-757,2285,1
3303,-758,2281,1
3302,-763,2277,1
3304,-766,2279,1
3307,-765,2281,1
3314,-763,2283,1
3314,-766,2287,1
3316,-767,2290,1
3322,-771,2290,1
3324,-772,2292,1
3324,-775,2289,1
3327,-774,2290,1
3322,-774,2286,1
3319,-773,2283,1
3320,-774,2282,1
3320,-779,2282,1
3332,-801,2283,1
3318,-766,2281,1
3313,-775,2280,1
3310,-776,2286,1
3309,-771,2292,1
3309,-770,2293,1
3309,-770,2296,1
3308,-768,2295,1
3311,-765,2298,1
3326,-761,2302,1
3323,-765,2307,1
3323,-768,2308,1
3316,-765,2308,1
3311,-762,2309,1
3309,-766,2308,1
3305,-767,2307,1
3302,-768,2303,1
3300,-764,2296,1
3297,-764,2291,1
3300,-762,2287,1
3305,-758,2285,1
3302,-758,2284,1
3305,-752,2288,1
3309,-758,2288,1
3305,-756,2298,1
3307,-755,2305,1
3316,-751,2309,1
3324,-746,2309,1
3324,-735,2305,1
3321,-727,2297,1
3311,-720,2286,1
3301,-718,2280,1
3290,-719,2275,1
3280,-717,2276,1
3275,-719,2279,1
3354,-784,2270,1
3305,-716,2276,1
3285,-737,2276,1
3279,-734,2302,1
3288,-744,2298,1
3299,-753,2306,1
3301,-756,2308,1
3303,-757,2312,1
3303,-757,2320,1
3300,-756,2328,1
3296,-756,2330,1
3293,-754,2333,1
3296,-755,2331,1
3295,-753,2332,1
3298,-748,2338,1
3299,-742,2334,1
3299,-740,2331,1
3297,-737,2334,1
3300,-740,2328,1
3290,-737,2326,1
3282,-736,2326,1
3275,-735,2327,1
3272,-731,2325,1
3275,-727,2324,1
3279,-726,2321,1
3283,-721,2321,1
3286,-715,2321,1
3287,-719,2321,1
3286,-717,2321,1
3287,-718,2318,1
3284,-718,2318,1
3282,-718,2316,1
3281,-718,2316,1
3283,-720,2313,1
3282,-714,2312,1
3283,-716,2316,1
3283,-715,2316,1
3287,-714,2314,1
3288,-713,2320,1
3289,-710,2321,1
3287,-714,2321,1
3288,-718,2321,1
3290,-717,2322,1
3288,-714,2326,1
3288,-716,2326,1
3291,-715,2328,1
3290,-714,2328,1
3288,-717,2330,1
3283,-716,2330,1
3279,-718,2330,1
3278,-715,2333,1
3284,-719,2336,1
3285,-720,2338,1
3283,-718,2338,1
3281,-724,2334,1
3281,-725,2335,1
3280,-726,2331,1
3280,-727,2330,1
3285,-725,2331,1
3290,-727,2333,1
3295,-728,2334,1
3291,-729,2334,1
3290,-732,2334,1
3291,-731,2334,1
3287,-731,2334,1
3283,-733,2334,1
3278,-736,2332,1
3278,-736,2337,1
3280,-738,2335,1
3283,-738,2335,1
3284,-735,2334,1
3284,-738,2335,1
3282,-735,2337,1
3281,-735,2338,1
3281,-737,2335,1
3286,-732,2335,1
3283,-731,2335,1
3279,-731,2335,1
3276,-735,2333,1
3277,-737,2329,1
3282,-737,2324,1
3286,-736,2323,1
3288,-734,2326,1
3291,-734,2326,1
3292,-732,2330,1
3286,-732,2332,1
3283,-729,2330,1
3286,-728,2331,1
3284,-729,2331,1
3286,-727,2333,1
3286,-727,2332,1
3284,-727,2333,1
3283,-729,2336,1
3283,-728,2337,1
3283,-729,2339,1
3283,-731,2338,1
3285,-728,2332,1
3284,-725,2333,1
3281,-724,2327,1
3276,-722,2330,1
3275,-725,2331,1
3270,-726,2332,1
3277,-727,2333,1
3279,-731,2334,1
3276,-731,2334,1
3280,-729,2335,1
3285,-728,2340,1
3286,-727,2342,1
3281,-729,2342,1
3280,-727,2342,1
3280,-725,2340,1
3279,-729,2340,1
3280,-728,2340,1
3278,-731,2338,1
3276,-728,2337,1
3276,-725,2341,1
3270,-725,2340,1
3266,-726,2336,1
3269,-726,2337,1
3272,-727,2334,1
3275,-725,2337,1
3278,-727,2340,1
3279,-730,2341,1
3281,-730,2343,1
3279,-725,2345,1
3280,-725,2345,1
3277,-725,2343,1
3277,-727,2344,1
3275,-726,2345,1
3280,-728,2344,1
3280,-726,2345,1
3280,-726,2344,1
3284,-724,2343,1
3279,-725,2342,1
3279,-726,2339,1
3280,-719,2341,1
3280,-717,2343,1
3281,-722,2343,1
3281,-724,2341,1
3285,-724,2339,1
3284,-725,2341,1
3291,-726,2338,1
3290,-725,2338,1
3287,-723,2339,1
3283,-726,2339,1
3278,-729,2337,1
3272,-727,2337,1
3271,-732,2337,1
3274,-733,2340,1
3279,-735,2343,1
3290,-737,2342,1
3294,-737,2345,1
3292,-737,2346,1
3285,-729,2350,1
3278,-726,2347,1
3275,-724,2344,1
3268,-724,2343,1
3268,-720,2340,1
3267,-721,2342,1
3318,-764,2343,1
3292,-703,2340,1
3278,-722,2332,1
3281,-716,2347,1
3282,-722,2340,1
3278,-718,2345,1
3277,-716,2348,1
3271,-713,2351,1
3270,-714,2346,1
3271,-718,2347,1
3271,-723,2344,1
3271,-724,2342,1
3268,-726,2344,1
3264,-727,2343,1
3263,-725,2343,1
3260,-724,2347,1
3261,-721,2348,1
3268,-725,2349,1
3271,-724,2349,1
3272,-732,2351,1
3272,-733,2352,1
3273,-732,2352,1
3277,-732,2353,1
3278,-733,2355,1
3282,-734,2357,1
3276,-734,2361,1
3270,-733,2366,1
3260,-736,2368,1
3254,-737,2368,1
3256,-737,2363,1
3264,-732,2360,1
3268,-731,2360,1
3272,-726,2357,1
3272,-724,2351,1
3274,-725,2350,1
3273,-729,2350,1
3272,-730,2348,1
3281,-734,2353,1
3290,-728,2350,1
3296,-726,2344,1
3298,-717,2339,1
3295,-714,2333,1
3287,-706,2327,1
3275,-704,2327,1
3266,-700,2325,1
3255,-702,2320,1
3249,-704,2320,1
3251,-709,2320,1
3254,-716,2323,1
3258,-725,2326,1
3263,-732,2330,1
3271,-734,2334,1
3276,-738,2339,1
3275,-734,2353,1
3273,-737,2357,1
3271,-736,2366,1
3267,-740,2368,1
3270,-740,2373,1
3270,-739,2376,1
3272,-741,2376,1
3299,-757,2371,1
3288,-729,2369,1
3280,-739,2364,1
3269,-733,2375,1
3267,-734,2376,1
3261,-731,2374,1
3259,-734,2374,1
3257,-731,2367,1
3252,-728,2363,1
3250,-726,2358,1
3254,-727,2357,1
3258,-723,2352,1
3261,-718,2351,1
3259,-714,2349,1
3258,-714,2350,1
3256,-720,2350,1
3257,-722,2348,1
3257,-724,2350,1
3263,-721,2352,1
3263,-720,2360,1
3270,-720,2359,1
3271,-720,2359,1
3268,-719,2362,1
3269,-718,2360,1
3265,-722,2363,1
3266,-722,2367,1
3266,-721,2370,1
3265,-718,2368,1
3265,-717,2367,1
3270,-717,2371,1
3271,-718,2371,1
3273,-721,2367,1
3269,-718,2362,1
3271,-718,2360,1
3272,-716,2356,1
3272,-716,2358,1
3273,-713,2360,1
3270,-714,2361,1
3266,-717,2362,1
3261,-717,2362,1
3261,-719,2361,1
3258,-721,2360,1
3261,-722,2361,1
3261,-720,2363,1
3262,-722,2362,1
3264,-720,2361,1
3261,-722,2359,1
3260,-723,2360,1
3262,-722,2362,1
3263,-721,2361,1
3263,-721,2362,1
3264,-722,2363,1
3265,-723,2364,1
3265,-726,2366,1
3267,-728,2365,1
3270,-726,2365,1
3272,-725,2363,1
3270,-728,2364,1
3270,-729,2358,1
3268,-729,2351,1
3268,-724,2350,1
3270,-725,2349,1
3270,-726,2351,1
3271,-723,2354,1
3274,-723,2353,1
3274,-725,2353,1
3275,-725,2350,1
3271,-726,2351,1
3272,-729,2350,1
3272,-726,2350,1
3273,-730,2355,1
3268,-728,2353,1
3267,-726,2357,1
3271,-726,2356,1
3272,-725,2354,1
3275,-723,2354,1
3274,-727,2355,1
3274,-725,2355,1
3270,-725,2352,1
3266,-725,2354,1
3265,-728,2357,1
3265,-726,2357,1
3263,-727,2358,1
3263,-725,2355,1
3266,-726,2356,1
3269,-726,2357,1
3272,-722,2357,1
3274,-723,2354,1
3272,-719,2354,1
3272,-719,2358,1
3273,-724,2358,1
3273,-726,2354,1
3276,-726,2354,1
3279,-727,2352,1
3275,-727,2350,1
3272,-720,2349,1
3266,-721,2352,1
3264,-726,2352,1
3265,-725,2350,1
3265,-724,2350,1
3269,-726,2349,1
3271,-721,2349,1
3273,-722,2347,1
3276,-720,2346,1
3276,-718,2348,1
3275,-719,2349,1
3276,-721,2349,1
3277,-727,2350,1
3276,-724,2351,1
3273,-729,2349,1
3276,-726,2346,1
3271,-721,2347,1
3273,-718,2349,1
3269,-716,2351,1
3270,-719,2348,1
3270,-720,2349,1
3269,-722,2349,1
3269,-722,2350,1
3270,-721,2351,1
3271,-722,2354,1
3271,-722,2353,1
3269,-723,2354,1
3271,-719,2354,1
3272,-721,2352,1
3270,-721,2350,1
3273,-722,2350,1
3273,-721,2351,1
3274,-721,2352,1
3273,-724,2350,1
3272,-723,2353,1
3268,-723,2353,1
3272,-718,2351,1
3267,-719,2351,1
3269,-720,2354,1
3268,-726,2351,1
3262,-728,2349,1
3263,-726,2348,1
3268,-728,2347,1
3269,-726,2345,1
3269,-721,2347,1
3276,-719,2346,1
3276,-721,2348,1
3279,-722,2346,1
3278,-724,2344,1
3280,-722,2344,1
3280,-725,2345,1
3282,-724,2345,1
3280,-724,2345,1
3281,-721,2348,1
3280,-724,2338,1
3285,-723,2346,1
3281,-729,2353,1
3278,-727,2350,1
3272,-721,2341,1
3286,-724,2353,1
3281,-725,2348,1
3280,-726,2346,1
3277,-724,2341,1
3278,-725,2339,1
3277,-726,2339,1
3277,-725,2339,1
3277,-723,2337,1
3277,-723,2338,1
3279,-727,2340,1
3276,-732,2343,1
3275,-729,2347,1
3272,-732,2346,1
3277,-733,2346,1
3286,-732,2347,1
3291,-730,2348,1
3293,-735,2344,1
3297,-737,2344,1
3295,-734,2341,1
3291,-733,2343,1
3284,-732,2343,1
3282,-747,2344,1
3276,-716,2347,1
3265,-724,2336,1
3264,-721,2339,1
3267,-724,2340,1
3270,-730,2336,1
3277,-734,2338,1
3287,-735,2343,1
3289,-733,2346,1
3293,-728,2349,1
3298,-724,2355,1
3301,-717,2348,1
3292,-710,2339,1
3285,-700,2333,1
3273,-696,2331,1
3261,-691,2330,1
3250,-691,2331,1
3245,-694,2337,1
3245,-700,2339,1
3249,-709,2341,1
3258,-715,2349,1
3268,-720,2354,1
3280,-726,2357,1
3283,-731,2364,1
3285,-735,2367,1
3284,-733,2366,1
3285,-733,2366,1
3281,-729,2365,1
3285,-725,2365,1
3282,-724,2367,1
3282,-724,2364,1
3281,-723,2362,1
3281,-722,2359,1
3278,-722,2352,1
3276,-721,2351,1
3278,-720,2350,1
3277,-720,2345,1
3273,-713,2339,1
3272,-714,2333,1
3273,-713,2330,1
3270,-712,2329,1
3266,-711,2328,1
3265,-709,2330,1
3264,-708,2329,1
3264,-707,2334,1
3266,-707,2337,1
3266,-706,2337,1
3261,-705,2343,1
3263,-707,2347,1
3265,-709,2349,1
3266,-705,2349,1
3268,-707,2349,1
3269,-706,2348,1
3264,-704,2349,1
3269,-709,2349,1
3270,-709,2350,1
3272,-708,2352,1
3279,-710,2357,1
3286,-711,2359,1
3289,-713,2358,1
3284,-715,2355,1
3285,-716,2351,1
3282,-717,2347,1
3275,-719,2345,1
3275,-722,2340,1
3280,-723,2341,1
3277,-720,2339,1
3288,-718,2342,1
3285,-720,2345,1
3283,-719,2349,1
3277,-718,2351,1
3273,-713,2352,1
3266,-715,2341,1
3267,-719,2350,1
3264,-720,2351,1
3267,-720,2352,1
3270,-718,2352,1
3275,-719,2357,1
3278,-720,2357,1
3275,-719,2355,1
3277,-717,2353,1
3276,-713,2353,1
3274,-711,2351,1
3264,-713,2351,1
3265,-719,2351,1
3262,-722,2355,1
3266,-725,2361,1
3271,-726,2367,1
3272,-722,2373,1
3277,-720,2373,1
3282,-719,2374,1
3279,-720,2375,1
3280,-716,2372,1
3279,-716,2369,1
3279,-716,2365,1
3278,-717,2364,1
3274,-713,2358,1
3272,-705,2354,1
3270,-706,2353,1
3267,-704,2355,1
3264,-703,2352,1
3263,-705,2355,1
3261,-707,2355,1
3259,-709,2354,1
3264,-710,2354,1
3266,-710,2353,1
3263,-706,2351,1
3263,-704,2349,1
3264,-703,2350,1
3267,-702,2349,1
3272,-701,2355,1
3274,-699,2355,1
3274,-700,2355,1
3273,-696,2357,1
3268,-695,2360,1
3267,-697,2359,1
3264,-696,2359,1
3265,-691,2363,1
3265,-691,2365,1
3267,-695,2368,1
3270,-695,2366,1
3271,-697,2363,1
3267,-699,2367,1
3264,-699,2368,1
3260,-702,2374,1
3259,-702,2374,1
3257,-705,2370,1
3257,-708,2367,1
3252,-708,2369,1
3253,-711,2372,1
3255,-709,2375,1
3252,-705,2375,1
3256,-705,2372,1
3267,-717,2380,1
3269,-713,2383,1
3264,-713,2382,1
3264,-715,2383,1
3261,-713,2383,1
3259,-711,2377,1
3261,-712,2372,1
3261,-712,2372,1
3255,-714,2372,1
3255,-714,2372,1
3254,-711,2370,1
3256,-714,2366,1
3257,-715,2366,1
3260,-713,2369,1
3261,-711,2370,1
3261,-708,2371,1
3261,-707,2372,1
3263,-705,2374,1
3265,-707,2374,1
3265,-708,2375,1
3265,-710,2374,1
3265,-708,2374,1
3262,-705,2374,1
3260,-709,2376,1
3255,-707,2379,1
3255,-708,2380,1
3257,-709,2374,1
3261,-710,2375,1
3258,-711,2373,1
3259,-710,2374,1
3258,-710,2371,1
3261,-709,2369,1
3265,-712,2370,1
3267,-712,2372,1
3264,-710,2375,1
3264,-710,2376,1
3261,-708,2376,1
3257,-711,2378,1
3262,-710,2377,1
3263,-710,2377,1
3263,-709,2376,1
3263,-710,2375,1
3256,-714,2376,1
3252,-710,2377,1
3248,-711,2378,1
3245,-713,2376,1
3247,-712,2377,1
3250,-715,2379,1
3250,-717,2377,1
3254,-717,2382,1
3257,-718,2383,1
3267,-713,2386,1
3286,-716,2378,1
3275,-710,2395,1
3264,-718,2392,1
3255,-717,2394,1
3252,-717,2389,1
3247,-716,2385,1
3243,-710,2383,1
3243,-705,2379,1
3245,-707,2375,1
3246,-707,2373,1
3247,-708,2372,1
3248,-708,2372,1
3252,-706,2368,1
3253,-700,2370,1
3257,-704,2376,1
3265,-701,2380,1
3270,-701,2382,1
3279,-696,2382,1
3282,-690,2376,1
3281,-685,2366,1
3273,-679,2356,1
3266,-679,2352,1
3254,-674,2349,1
3246,-676,2349,1
3243,-681,2352,1
3243,-684,2350,1
3243,-689,2352,1
3247,-695,2357,1
3246,-698,2364,1
3246,-704,2369,1
3244,-708,2374,1
3246,-712,2377,1
3249,-714,2383,1
3252,-721,2388,1
3258,-721,2399,1
3261,-722,2407,1
3262,-726,2406,1
3257,-724,2406,1
3262,-722,2409,1
3256,-725,2408,1
3256,-723,2408,1
3253,-725,2407,1
3249,-726,2407,1
3281,-741,2405,1
3250,-696,2395,1
3237,-703,2385,1
3234,-704,2388,1
3235,-707,2396,1
3234,-706,2394,1
3235,-703,2394,1
3233,-699,2391,1
3235,-703,2390,1
3236,-697,2393,1
3242,-697,2395,1
3243,-700,2388,1
3241,-699,2390,1
3242,-697,2392,1
3240,-696,2392,1
3241,-694,2391,1
3242,-696,2388,1
3241,-693,2396,1
3242,-694,2394,1
3242,-691,2400,1
3240,-696,2398,1
3243,-697,2400,1
3246,-698,2400,1
3245,-697,2403,1
3246,-701,2405,1
3246,-699,2405,1
3245,-699,2405,1
3245,-700,2408,1
3245,-700,2404,1
3244,-703,2406,1
3242,-701,2405,1
3239,-703,2408,1
3233,-704,2405,1
3234,-703,2405,1
3235,-705,2408,1
3240,-705,2408,1
3239,-705,2404,1
3239,-707,2406,1
3244,-705,2404,1
3242,-706,2401,1
3237,-709,2395,1
3233,-707,2396,1
3233,-706,2394,1
3229,-709,2393,1
3231,-709,2395,1
3236,-710,2399,1
3239,-709,2397,1
3243,-710,2399,1
3244,-708,2402,1
3244,-711,2403,1
3241,-708,2407,1
3241,-711,2403,1
3238,-712,2405,1
3239,-708,2401,1
3238,-711,2402,1
3238,-707,2403,1
3240,-711,2402,1
3238,-713,2401,1
3235,-709,2402,1
3234,-707,2402,1
3234,-708,2401,1
3230,-706,2401,1
3231,-709,2401,1
3234,-712,2401,1
3239,-715,2403,1
3241,-713,2403,1
3236,-716,2404,1
3239,-717,2405,1
3239,-715,2409,1
3240,-715,2405,1
3243,-714,2404,1
3242,-713,2404,1
3244,-710,2405,1
3247,-711,2406,1
3246,-712,2408,1
3247,-711,2411,1
3246,-710,2414,1
3242,-707,2415,1
3247,-706,2413,1
3244,-709,2407,1
3241,-710,2405,1
3243,-707,2402,1
3240,-707,2402,1
3239,-706,2401,1
3236,-703,2404,1
3230,-702,2400,1
3230,-702,2395,1
3233,-701,2400,1
3230,-697,2405,1
3230,-699,2403,1
3232,-701,2401,1
3234,-702,2400,1
3237,-703,2407,1
3235,-706,2406,1
3236,-707,2408,1
3234,-707,2408,1
3232,-704,2407,1
3236,-707,2408,1
3236,-709,2410,1
3239,-710,2410,1
3241,-707,2413,1
3242,-710,2413,1
3242,-708,2413,1
3238,-705,2412,1
3234,-703,2413,1
3231,-704,2408,1
3232,-702,2412,1
3236,-706,2413,1
3235,-713,2410,1
3234,-705,2410,1
3232,-709,2407,1
3234,-707,2405,1
3232,-703,2406,1
3230,-704,2401,1
3228,-701,2402,1
3224,-700,2405,1
3224,-702,2409,1
3224,-701,2408,1
3230,-704,2409,1
3233,-703,2407,1
3234,-705,2406,1
3237,-708,2407,1
3238,-710,2407,1
3241,-710,2409,1
3241,-705,2409,1
3240,-706,2406,1
3239,-706,2407,1
3239,-705,2407,1
3241,-705,2405,1
3241,-703,2404,1
3243,-704,2406,1
3240,-704,2408,1
3239,-707,2409,1
3239,-703,2407,1
3237,-707,2408,1
3234,-708,2410,1
3235,-705,2407,1
3232,-705,2409,1
3230,-707,2411,1
3227,-703,2411,1
3226,-702,2411,1
3226,-703,2409,1
3225,-704,2411,1
3229,-706,2416,1
3228,-705,2414,1
3231,-707,2417,1
3235,-708,2415,1
3239,-707,2417,1
3236,-704,2418,1
3236,-705,2419,1
3235,-708,2417,1
3237,-711,2421,1
3233,-715,2421,1
3230,-720,2421,1
3229,-720,2425,1
3228,-715,2423,1
3227,-710,2422,1
3227,-708,2416,1
3234,-704,2410,1
3238,-700,2406,1
3237,-703,2402,1
3237,-703,2404,1
3237,-706,2405,1
3241,-704,2409,1
3245,-704,2406,1
3250,-698,2404,1
3249,-694,2396,1
3245,-691,2391,1
3239,-686,2383,1
3227,-685,2380,1
3216,-685,2376,1
3210,-687,2379,1
3210,-691,2383,1
3213,-695,2387,1
3216,-703,2392,1
3222,-707,2397,1
3225,-708,2402,1
3226,-710,2404,1
3235,-712,2409,1
3240,-714,2417,1
3240,-715,2425,1
3241,-718,2427,1
3241,-719,2431,1
3240,-718,2432,1
3239,-717,2434,1
3240,-716,2435,1
3239,-712,2434,1
3236,-708,2432,1
3237,-706,2432,1
3234,-704,2428,1
3234,-705,2425,1
3227,-702,2419,1
3222,-701,2417,1
3221,-702,2413,1
3220,-704,2408,1
3224,-700,2407,1
3224,-698,2404,1
3227,-699,2401,1
3232,-699,2399,1
3234,-700,2402,1
3231,-701,2399,1
3235,-703,2400,1
3239,-702,2401,1
3238,-703,2404,1
3243,-703,2403,1
3239,-702,2400,1
3237,-708,2404,1
3235,-708,2405,1
3237,-705,2411,1
3235,-704,2417,1
3234,-702,2418,1
3231,-699,2417,1
3234,-702,2414,1
3232,-705,2415,1
3230,-706,2416,1
3238,-710,2415,1
3235,-708,2414,1
3236,-712,2418,1
3237,-713,2420,1
3236,-714,2417,1
3232,-713,2416,1
3233,-712,2412,1
3231,-716,2413,1
3233,-714,2413,1
3235,-713,2414,1
3235,-711,2415,1
3235,-711,2415,1
3235,-712,2416,1
3233,-710,2415,1
3232,-709,2412,1
3229,-706,2411,1
3231,-699,2412,1
3233,-700,2411,1
3232,-700,2410,1
3235,-696,2408,1
3232,-698,2408,1
3231,-697,2405,1
3230,-695,2405,1
3232,-693,2405,1
3232,-693,2405,1
3235,-698,2406,1
3238,-698,2406,1
3239,-699,2406,1
3236,-699,2402,1
3235,-703,2401,1
3237,-702,2402,1
3232,-708,2404,1
3229,-711,2404,1
3236,-710,2404,1
3241,-706,2408,1
3236,-709,2405,1
3240,-706,2406,1
3241,-703,2406,1
3244,-706,2402,1
3248,-703,2401,1
3250,-703,2404,1
3253,-702,2404,1
3252,-701,2406,1
3253,-700,2397,1
3255,-700,2394,1
3250,-695,2391,1
3247,-692,2386,1
3249,-692,2382,1
3250,-688,2382,1
3250,-688,2384,1
3254,-685,2384,1
3257,-684,2383,1
3252,-682,2390,1
3249,-686,2388,1
3248,-685,2388,1
3247,-686,2389,1
3247,-686,2389,1
3246,-687,2393,1
3245,-686,2393,1
3244,-685,2397,1
3243,-686,2395,1
3243,-690,2398,1
3240,-690,2398,1
3241,-696,2396,1
3243,-697,2397,1
3247,-695,2396,1
3249,-697,2393,1
3249,-697,2394,1
3248,-697,2395,1
3252,-699,2393,1
3255,-700,2393,1
3253,-701,2393,1
3251,-701,2391,1
3251,-702,2388,1
3249,-706,2390,1
3248,-706,2393,1
3247,-708,2392,1
3248,-706,2393,1
3250,-708,2389,1
3246,-709,2390,1
3247,-707,2389,1
3247,-705,2393,1
3244,-707,2390,1
3244,-705,2390,1
3242,-701,2387,1
3245,-703,2386,1
3241,-699,2391,1
3240,-698,2388,1
3241,-698,2384,1
3246,-696,2385,1
3249,-696,2385,1
3242,-695,2385,1
3239,-695,2384,1
3242,-693,2386,1
3242,-694,2390,1
3244,-689,2388,1
3252,-693,2383,1
3255,-694,2387,1
3260,-696,2386,1
3259,-695,2387,1
3256,-702,2389,1
3260,-700,2392,1
3257,-702,2397,1
3253,-704,2398,1
3253,-699,2394,1
3253,-702,2391,1
3252,-703,2389,1
3253,-706,2389,1
3253,-705,2389,1
3254,-705,2391,1
3257,-704,2395,1
3263,-702,2388,1
3264,-704,2385,1
3263,-704,2382,1
3261,-702,2379,1
3258,-699,2376,1
3259,-699,2372,1
3262,-698,2373,1
3262,-698,2371,1
3266,-694,2371,1
3266,-691,2375,1
3271,-690,2376,1
3272,-690,2375,1
3270,-688,2375,1
3267,-691,2370,1
3269,-696,2369,1
3269,-701,2362,1
3265,-701,2363,1
3269,-698,2361,1
3267,-697,2359,1
3266,-694,2360,1
3262,-696,2357,1
3263,-697,2362,1
3260,-698,2359,1
3261,-697,2366,1
3262,-698,2368,1
3268,-698,2376,1
3277,-697,2378,1
3285,-687,2380,1
3291,-686,2381,1
3289,-677,2370,1
3281,-672,2361,1
3271,-669,2354,1
3258,-673,2350,1
3248,-670,2350,1
3246,-673,2353,1
3244,-678,2358,1
3251,-677,2358,1
3253,-681,2362,1
3264,-691,2365,1
3268,-699,2368,1
3269,-708,2371,1
3268,-708,2374,1
3269,-708,2375,1
3264,-710,2378,1
3260,-708,2382,1
3261,-704,2383,1
3267,-701,2379,1
3271,-702,2379,1
3272,-699,2373,1
3272,-700,2372,1
3276,-696,2367,1
3276,-692,2365,1
3278,-691,2362,1
3278,-688,2357,1
3277,-685,2357,1
3279,-684,2352,1
3280,-682,2350,1
3278,-686,2346,1
3276,-680,2340,1
3276,-680,2337,1
3279,-678,2340,1
3275,-679,2337,1
3275,-680,2344,1
3268,-679,2346,1
3266,-675,2345,1
3268,-675,2348,1
3268,-674,2349,1
3273,-672,2355,1
3273,-672,2363,1
3271,-672,2367,1
3273,-671,2367,1
3273,-675,2366,1
3275,-674,2369,1
3279,-675,2371,1
3283,-674,2368,1
3284,-678,2366,1
3281,-681,2366,1
3282,-682,2361,1
3284,-678,2357,1
3279,-684,2359,1
3275,-683,2359,1
3272,-684,2359,1
3268,-681,2357,1
3268,-684,2362,1
3270,-681,2357,1
3271,-682,2357,1
3271,-681,2353,1
3272,-683,2354,1
3273,-681,2350,1
3280,-681,2352,1
3281,-684,2353,1
3288,-686,2351,1
3289,-686,2352,1
3288,-687,2352,1
3286,-688,2351,1
3284,-693,2351,1
3282,-691,2353,1
3280,-694,2350,1
3281,-693,2350,1
3278,-699,2352,1
3275,-699,2351,1
3276,-700,2350,1
3277,-698,2348,1
3276,-700,2349,1
3277,-699,2350,1
3272,-702,2348,1
3273,-701,2350,1
3270,-693,2352,1
3273,-691,2354,1
3277,-689,2356,1
3277,-689,2362,1
3277,-689,2363,1
3283,-688,2367,1
3281,-689,2368,1
3280,-687,2368,1
3277,-683,2368,1
3277,-682,2369,1
3278,-684,2366,1
3281,-683,2370,1
3277,-682,2367,1
3278,-685,2366,1
3276,-683,2363,1
3272,-688,2361,1
3274,-689,2364,1
3270,-688,2366,1
3266,-685,2361,1
3268,-685,2363,1
3269,-683,2362,1
3271,-682,2366,1
3272,-682,2369,1
3272,-681,2368,1
3271,-680,2371,1
3269,-686,2369,1
3268,-683,2367,1
3269,-683,2368,1
3269,-685,2366,1
3273,-685,2366,1
3275,-684,2369,1
3277,-682,2367,1
3281,-682,2366,1
3284,-679,2368,1
3287,-681,2365,1
3282,-683,2365,1
3281,-683,2363,1
3280,-683,2362,1
3280,-683,2360,1
3274,-682,2357,1
3271,-683,2355,1
3268,-679,2356,1
3263,-678,2357,1
3262,-679,2359,1
3266,-679,2363,1
3270,-679,2368,1
3267,-678,2368,1
3264,-681,2370,1
3260,-682,2365,1
3261,-682,2363,1
3258,-684,2366,1
3259,-685,2365,1
3259,-686,2365,1
3259,-687,2365,1
3262,-689,2368,1
3265,-686,2371,1
3263,-687,2373,1
3262,-686,2371,1
3266,-686,2370,1
3267,-687,2371,1
3269,-683,2372,1
3269,-682,2371,1
3271,-683,2376,1
3272,-681,2377,1
3272,-687,2373,1
3268,-688,2368,1
3268,-686,2370,1
3270,-691,2370,1
3270,-691,2369,1
3270,-694,2367,1
3266,-696,2365,1
3264,-696,2364,1
3264,-691,2362,1
3262,-689,2362,1
3257,-688,2363,1
3257,-688,2368,1
3257,-689,2373,1
3260,-689,2374,1
3261,-693,2378,1
3263,-697,2382,1
3266,-698,2385,1
3267,-696,2388,1
3270,-695,2385,1
3272,-689,2386,1
3271,-689,2388,1
3269,-691,2391,1
3266,-693,2390,1
3261,-697,2385,1
3257,-703,2382,1
3254,-702,2385,1
3257,-700,2380,1
3258,-698,2376,1
3261,-695,2372,1
3258,-689,2372,1
3255,-686,2370,1
3254,-689,2366,1
3254,-687,2367,1
3257,-684,2370,1
3264,-679,2374,1
3272,-676,2381,1
3281,-673,2374,1
3281,-667,2371,1
3281,-664,2366,1
3275,-664,2359,1
3261,-658,2353,1
3254,-661,2352,1
3247,-665,2355,1
3245,-667,2359,1
3249,-676,2366,1
3253,-685,2370,1
3261,-694,2378,1
3265,-698,2382,1
3269,-703,2390,1
3273,-704,2393,1
3265,-709,2400,1
3264,-713,2406,1
3260,-715,2406,1
3264,-714,2405,1
3263,-712,2407,1
3262,-710,2403,1
3262,-712,2397,1
3263,-711,2393,1
3261,-706,2390,1
3255,-704,2390,1
3252,-703,2386,1
3250,-696,2387,1
3250,-694,2386,1
3248,-689,2383,1
3247,-687,2380,1
3249,-688,2380,1
3248,-686,2372,1
3246,-686,2368,1
3242,-683,2370,1
3244,-678,2370,1
3246,-674,2371,1
3245,-674,2374,1
3247,-675,2375,1
3246,-679,2380,1
3244,-681,2374,1
3252,-680,2376,1
3251,-679,2377,1
3251,-680,2379,1
3252,-684,2386,1
3253,-685,2386,1
3258,-685,2385,1
3262,-686,2387,1
3265,-684,2389,1
3263,-687,2388,1
3267,-690,2387,1
3265,-690,2388,1
3263,-692,2385,1
3261,-692,2386,1
3254,-694,2385,1
3252,-694,2385,1
3252,-694,2385,1
3248,-689,2383,1
3246,-691,2384,1
3248,-690,2388,1
3245,-689,2386,1
3246,-689,2386,1
3247,-691,2389,1
3247,-687,2389,1
3253,-687,2392,1
3253,-690,2396,1
3252,-694,2392,1
3250,-692,2394,1
3247,-692,2397,1
3249,-693,2397,1
3247,-691,2393,1
3249,-693,2388,1
3249,-694,2384,1
3245,-693,2381,1
3248,-694,2381,1
3246,-695,2385,1
3250,-699,2382,1
3253,-699,2382,1
3257,-700,2383,1
3252,-702,2385,1
3251,-700,2388,1
3251,-699,2391,1
3253,-696,2390,1
3253,-693,2394,1
3255,-690,2394,1
3258,-689,2396,1
3256,-687,2394,1
3254,-687,2391,1
3252,-687,2391,1
3248,-690,2394,1
3252,-691,2395,1
3250,-689,2397,1
3250,-688,2398,1
3252,-688,2397,1
3249,-686,2397,1
3249,-688,2393,1
3244,-690,2391,1
3243,-686,2392,1
3245,-687,2395,1
3249,-689,2395,1
3250,-689,2396,1
3247,-688,2400,1
3246,-689,2400,1
3244,-688,2399,1
3245,-690,2395,1
3244,-689,2394,1
3244,-693,2397,1
3245,-696,2398,1
3247,-696,2397,1
3246,-695,2397,1
3250,-693,2394,1
3248,-691,2399,1
3246,-693,2394,1
3243,-692,2393,1
3247,-689,2392,1
3251,-690,2390,1
3249,-692,2392,1
3247,-690,2394,1
3246,-689,2396,1
3247,-687,2399,1
3247,-686,2397,1
3251,-687,2394,1
3249,-687,2394,1
3247,-685,2399,1
3246,-686,2397,1
3244,-686,2393,1
3243,-682,2390,1
3244,-683,2392,1
3243,-684,2394,1
3242,-686,2391,1
3241,-684,2393,1
3242,-683,2394,1
3242,-687,2398,1
3244,-686,2399,1
3245,-687,2400,1
3243,-687,2400,1
3241,-690,2399,1
3241,-690,2398,1
3241,-688,2402,1
3245,-690,2401,1
3244,-689,2402,1
3242,-685,2400,1
3249,-687,2401,1
3248,-687,2404,1
3246,-687,2400,1
3251,-682,2401,1
3249,-683,2399,1
3246,-683,2394,1
3244,-685,2396,1
3247,-680,2398,1
3252,-678,2397,1
3253,-679,2395,1
3252,-681,2394,1
3250,-687,2388,1
3248,-689,2390,1
3243,-691,2391,1
3239,-692,2390,1
3238,-695,2391,1
3235,-697,2393,1
3235,-700,2393,1
3239,-700,2394,1
3243,-701,2394,1
3245,-703,2394,1
3246,-704,2397,1
3245,-703,2401,1
3249,-701,2403,1
3252,-700,2404,1
3251,-701,2408,1
3250,-700,2411,1
3243,-698,2414,1
3238,-695,2418,1
3238,-695,2417,1
3240,-690,2415,1
3238,-690,2412,1
3237,-683,2411,1
3238,-682,2408,1
3240,-679,2408,1
3242,-676,2405,1
3243,-677,2405,1
3244,-679,2403,1
3247,-679,2403,1
3257,-678,2405,1
3266,-677,2409,1
3267,-672,2406,1
3258,-672,2400,1
3252,-668,2395,1
3241,-665,2385,1
3231,-661,2383,1
3219,-664,2384,1
3212,-666,2384,1
3209,-673,2387,1
3211,-682,2394,1
3221,-685,2398,1
3227,-693,2404,1
3232,-694,2406,1
3231,-697,2409,1
3235,-699,2414,1
3238,-697,2422,1
3236,-696,2428,1
3236,-693,2430,1
3234,-696,2429,1
3234,-700,2425,1
3236,-701,2424,1
3236,-704,2423,1
3237,-700,2423,1
3240,-699,2421,1
3245,-696,2419,1
3245,-694,2416,1
3242,-689,2413,1
3240,-690,2413,1
3235,-690,2411,1
3235,-688,2405,1
3234,-686,2400,1
3233,-684,2401,1
3233,-687,2398,1
3236,-689,2391,1
3233,-691,2390,1
3234,-694,2392,1
3236,-693,2395,1
3235,-695,2393,1
3243,-697,2392,1
3245,-700,2394,1
3244,-700,2393,1
3245,-702,2388,1
3244,-701,2387,1
3244,-698,2393,1
3244,-697,2396,1
3244,-694,2401,1
3245,-697,2404,1
3245,-696,2405,1
3248,-695,2403,1
3250,-694,2406,1
3249,-693,2408,1
3254,-692,2407,1
3250,-692,2401,1
3248,-691,2401,1
3245,-689,2399,1
3243,-689,2398,1
3245,-692,2401,1
3247,-689,2402,1
3250,-689,2398,1
3253,-689,2400,1
3252,-684,2399,1
3252,-683,2399,1
3252,-683,2402,1
3252,-689,2404,1
3252,-691,2405,1
3253,-691,2404,1
3259,-687,2405,1
3264,-688,2401,1
3262,-684,2404,1
3261,-682,2403,1
3257,-679,2399,1
3253,-678,2393,1
3254,-676,2389,1
3251,-673,2387,1
3249,-672,2387,1
3254,-670,2387,1
3251,-675,2384,1
3250,-677,2386,1
3248,-681,2387,1
3246,-683,2388,1
3246,-680,2389,1
3245,-681,2385,1
3242,-677,2387,1
3237,-675,2384,1
3240,-670,2387,1
3243,-673,2388,1
3243,-672,2386,1
3248,-670,2390,1
3246,-664,2394,1
3247,-666,2394,1
3251,-663,2395,1
3253,-663,2396,1
3253,-667,2398,1
3254,-669,2395,1
3260,-672,2396,1
3258,-678,2401,1
3260,-679,2403,1
3262,-679,2400,1
3263,-680,2404,1
3266,-677,2396,1
3266,-677,2393,1
3267,-675,2390,1
3265,-680,2390,1
3265,-679,2390,1
3263,-680,2384,1
3260,-679,2381,1
3253,-677,2379,1
3247,-676,2376,1
3249,-674,2375,1
3248,-675,2375,1
3246,-676,2370,1
3247,-672,2369,1
3249,-676,2373,1
3252,-680,2371,1
3255,-680,2372,1
3256,-681,2373,1
3260,-681,2373,1
3261,-679,2378,1
3266,-680,2377,1
3263,-684,2380,1
3264,-687,2380,1
3270,-691,2382,1
3271,-686,2378,1
3270,-689,2380,1
3269,-686,2376,1
3268,-685,2378,1
3266,-683,2379,1
3267,-683,2375,1
3267,-682,2377,1
3263,-682,2380,1
3264,-682,2376,1
3263,-683,2375,1
3261,-682,2374,1
3260,-686,2369,1
3259,-684,2367,1
3259,-687,2368,1
3261,-690,2372,1
3263,-685,2372,1
3264,-682,2372,1
3263,-682,2373,1
3265,-682,2372,1
3267,-685,2373,1
3270,-689,2375,1
3270,-688,2377,1
3272,-684,2378,1
3272,-680,2381,1
3273,-678,2385,1
3271,-675,2379,1
3272,-670,2379,1
3265,-675,2374,1
3258,-673,2375,1
3257,-673,2374,1
3256,-669,2374,1
3255,-665,2373,1
3251,-668,2371,1
3253,-665,2373,1
3251,-668,2374,1
3255,-674,2374,1
3259,-679,2376,1
3259,-682,2380,1
3256,-680,2382,1
3254,-680,2387,1
3259,-685,2390,1
3264,-687,2389,1
3264,-686,2387,1
3268,-684,2385,1
3267,-685,2380,1
3270,-682,2381,1
3268,-684,2374,1
3261,-685,2366,1
3262,-686,2357,1
3263,-680,2353,1
3264,-675,2353,1
3264,-671,2353,1
3271,-670,2349,1
3275,-667,2347,1
3276,-663,2347,1
3282,-661,2349,1
3286,-658,2354,1
3292,-657,2357,1
3302,-654,2361,1
3312,-649,2364,1
3320,-644,2361,1
3320,-638,2350,1
3311,-632,2337,1
3303,-628,2324,1
3291,-625,2319,1
3277,-623,2319,1
3270,-623,2319,1
3267,-629,2325,1
3270,-638,2327,1
3276,-644,2331,1
3283,-654,2332,1
3291,-664,2336,1
3299,-673,2341,1
3297,-681,2343,1
3296,-688,2342,1
3295,-692,2346,1
3291,-692,2349,1
3285,-690,2350,1
3283,-690,2353,1
3279,-690,2355,1
3279,-691,2355,1
3276,-692,2357,1
3272,-692,2356,1
3269,-691,2356,1
3267,-691,2358,1
3263,-687,2358,1
3264,-683,2359,1
3265,-679,2362,1
3261,-677,2364,1
3259,-668,2364,1
3261,-664,2363,1
3261,-662,2362,1
3264,-659,2366,1
3265,-654,2369,1
3269,-648,2370,1
3269,-648,2369,1
3263,-647,2375,1
3265,-648,2374,1
3263,-649,2375,1
3266,-651,2372,1
3268,-655,2369,1
3273,-661,2369,1
3275,-666,2364,1
3277,-667,2371,1
3275,-666,2368,1
3282,-663,2370,1
3289,-668,2370,1
3294,-673,2368,1
3291,-674,2368,1
3296,-673,2363,1
3292,-672,2364,1
3285,-674,2366,1
3279,-670,2367,1
3273,-664,2361,1
3267,-664,2360,1
3262,-662,2360,1
3261,-663,2354,1
3260,-662,2356,1
3257,-662,2355,1
3258,-662,2364,1
3258,-663,2364,1
3264,-668,2367,1
3269,-665,2368,1
3272,-668,2369,1
3273,-672,2369,1
3274,-674,2371,1
3279,-674,2368,1
3279,-675,2371,1
3279,-673,2371,1
3279,-675,2367,1
3284,-681,2368,1
3284,-683,2368,1
3284,-683,2365,1
3282,-677,2367,1
3280,-679,2365,1
3277,-678,2365,1
3270,-678,2364,1
3266,-680,2360,1
3267,-683,2364,1
3267,-679,2363,1
3270,-679,2363,1
3274,-680,2363,1
3274,-678,2363,1
3276,-676,2365,1
3279,-677,2368,1
3278,-675,2367,1
3282,-676,2368,1
3284,-674,2369,1
3288,-675,2367,1
3286,-674,2362,1
3287,-678,2358,1
3285,-684,2355,1
3283,-683,2351,1
3284,-681,2346,1
3286,-684,2348,1
3289,-686,2346,1
3291,-682,2341,1
3291,-685,2341,1
3290,-683,2343,1
3290,-679,2341,1
3288,-675,2344,1
3290,-670,2345,1
3291,-672,2345,1
3289,-666,2345,1
3292,-661,2347,1
3287,-653,2353,1
3288,-652,2358,1
3285,-646,2357,1
3285,-648,2357,1
3282,-645,2356,1
3279,-644,2353,1
3279,-642,2353,1
3278,-638,2354,1
3277,-634,2357,1
3279,-632,2362,1
3279,-632,2365,1
3278,-630,2372,1
3273,-633,2375,1
3273,-637,2377,1
3274,-639,2384,1
3271,-645,2384,1
3270,-648,2381,1
3266,-650,2382,1
3266,-653,2383,1
3262,-653,2381,1
3261,-656,2383,1
3262,-661,2376,1
3265,-666,2379,1
3263,-666,2377,1
3260,-662,2374,1
3263,-663,2374,1
3263,-660,2374,1
3265,-659,2371,1
3267,-658,2373,1
3273,-659,2376,1
3276,-655,2374,1
3282,-652,2374,1
3281,-655,2372,1
3279,-655,2375,1
3276,-654,2370,1
3276,-653,2371,1
3273,-650,2362,1
3273,-650,2358,1
3268,-650,2352,1
3268,-648,2353,1
3267,-648,2352,1
3269,-644,2349,1
3269,-641,2353,1
3272,-640,2358,1
3277,-636,2360,1
3277,-637,2366,1
3279,-637,2364,1
3281,-639,2365,1
3285,-643,2365,1
3289,-642,2365,1
3293,-643,2359,1
3291,-647,2361,1
3285,-649,2359,1
3278,-658,2361,1
3270,-659,2356,1
3266,-660,2356,1
3263,-662,2355,1
3261,-660,2357,1
3260,-661,2358,1
3262,-661,2363,1
3264,-655,2368,1
3264,-654,2367,1
3252,-664,2369,1
3272,-656,2375,1
3291,-659,2380,1
3305,-657,2388,1
3311,-649,2391,1
3308,-644,2387,1
3295,-644,2376,1
3284,-643,2374,1
3269,-648,2371,1
