0.18,-0.87,0.47,2.08,-1.46,1.04
0.17,-0.86,0.48,1.77,-2.14,0.61
0.16,-0.88,0.49,3.78,-1.71,0.49
0.15,-0.87,0.51,-2.50,-1.10,-0.73
0.15,-0.86,0.52,-8.48,-1.77,-2.75
0.15,-0.86,0.50,-12.57,-2.01,-8.91
0.16,-0.83,0.51,-13.49,-2.32,-10.62
0.16,-0.83,0.51,-7.51,-2.75,-8.06
0.14,-0.88,0.49,8.97,-3.42,-5.80
0.12,-0.90,0.51,11.78,-0.67,-6.29
0.18,-0.88,0.48,6.04,1.95,-8.91
0.20,-0.84,0.40,-3.05,2.38,-5.37
0.21,-0.83,0.40,-4.82,-4.94,-3.72
0.21,-0.85,0.43,-3.11,-4.64,-1.77
0.18,-0.81,0.52,-5.49,-1.53,-3.72
0.17,-0.90,0.58,8.91,2.14,-11.11
0.16,-1.05,0.60,49.93,-4.33,-19.23
0.23,-0.94,0.36,20.20,-30.58,-3.48
0.15,-0.89,0.35,-13.43,-55.05,12.82
0.15,-0.85,0.38,-30.82,-5.13,0.55
0.23,-0.72,0.36,-0.98,23.38,0.55
0.18,-0.83,0.38,23.99,23.99,-1.40
0.09,-0.95,0.49,50.96,7.75,-8.48
0.06,-0.94,0.52,41.14,-11.41,-8.06
0.09,-0.92,0.52,33.08,-10.01,-11.11
0.12,-0.86,0.59,12.21,-3.17,-8.30
0.19,-0.84,0.51,5.86,0.37,-2.87
0.19,-0.86,0.49,11.23,7.32,4.52
0.16,-0.90,0.48,11.54,3.42,5.68
0.13,-0.95,0.51,-3.30,-1.95,-1.89
0.15,-0.90,0.53,-25.94,4.15,-12.63
0.19,-0.82,0.51,-57.43,16.85,-18.86
0.21,-0.87,0.55,-69.64,28.20,-8.24
0.27,-0.80,0.52,-70.01,19.96,-9.70
0.23,-0.71,0.56,-63.35,-8.54,-4.39
0.17,-0.77,0.49,-31.86,-42.30,19.53
0.19,-0.89,0.56,-8.73,-28.63,13.31
0.23,-0.91,0.59,-23.07,-1.16,-20.02
0.22,-0.99,0.52,-36.56,4.09,-28.26
0.15,-0.96,0.57,-10.68,-8.54,-9.22
0.09,-0.92,0.60,26.37,6.77,-11.05
0.10,-0.95,0.57,42.36,21.06,-16.54
0.10,-0.93,0.51,-6.04,28.93,-20.51
0.04,-0.76,0.52,-42.42,18.49,-28.20
-0.01,-0.77,0.49,-3.30,15.81,-18.01
-0.00,-0.84,0.41,22.71,20.69,-5.25
-0.01,-0.86,0.35,33.51,18.01,-12.82
-0.03,-0.82,0.40,53.28,27.34,-23.19
0.00,-0.91,0.54,80.44,37.35,-16.72
0.04,-0.93,0.50,39.92,25.94,-0.73
0.04,-0.94,0.47,51.45,15.69,-3.54
0.01,-1.19,0.52,47.30,7.69,-22.52
0.09,-0.96,0.26,-41.14,53.65,-23.01
-0.03,-0.88,0.41,8.48,19.41,-4.21
0.01,-0.92,0.36,-1.95,8.79,-4.58
-0.02,-0.91,0.42,-18.13,-4.03,-7.57
-0.03,-0.88,0.44,-25.57,-4.76,-5.92
-0.03,-0.83,0.42,-26.49,-3.05,-4.39
-0.02,-0.81,0.35,-11.41,-6.84,2.38
0.02,-0.96,0.36,16.36,-1.65,-8.30
0.02,-0.95,0.52,8.54,-4.76,-10.31
-0.05,-0.86,0.51,-13.24,-1.53,-9.89
-0.10,-0.82,0.43,3.97,14.95,-1.83
0.01,-0.87,0.42,23.56,25.02,12.02
0.08,-0.93,0.45,14.47,16.05,4.76
0.06,-0.83,0.42,-3.36,13.85,-2.87
0.04,-0.77,0.48,2.20,13.85,-3.05
0.02,-0.81,0.46,31.25,24.23,-11.72
0.01,-0.91,0.40,43.64,31.31,-9.70
0.03,-0.90,0.42,22.64,15.44,-7.32
-0.00,-0.95,0.37,-0.06,11.78,-24.05
-0.02,-0.91,0.36,-9.22,27.28,-22.34
-0.03,-0.80,0.52,-40.77,24.05,-22.28
-0.02,-0.84,0.42,-22.03,24.48,-51.45
0.01,-1.17,0.12,24.54,38.70,-55.54
-0.13,-1.03,0.75,54.44,37.96,-25.76
-0.18,-0.99,0.72,-10.56,61.71,-29.48
-0.14,-1.02,0.38,8.73,63.11,-22.34
-0.06,-1.01,0.30,32.78,83.50,-14.95
0.03,-1.04,0.29,25.02,89.36,-14.65
0.04,-0.95,0.24,1.65,82.03,-13.73
0.07,-0.85,0.10,-16.60,76.84,-11.47
0.11,-0.78,0.08,-46.26,59.14,-22.28
0.12,-0.83,0.35,-41.81,39.61,-48.40
0.08,-0.98,0.46,7.32,51.45,-47.73
0.05,-1.08,0.38,36.87,68.66,-20.94
0.11,-1.13,0.39,32.04,69.03,-6.10
0.08,-1.02,0.34,2.26,56.95,-0.37
0.04,-0.95,0.30,-12.27,52.25,-7.75
-0.00,-0.89,0.29,-21.42,52.55,-20.63
-0.01,-0.88,0.28,-26.86,54.38,-27.95
-0.04,-0.79,0.30,-32.47,35.77,-28.69
-0.01,-0.87,0.28,-11.96,39.25,-29.05
0.06,-1.00,0.32,22.03,63.90,-34.73
0.08,-1.02,0.36,17.46,80.93,-36.62
0.10,-1.02,0.33,9.89,77.70,-34.18
0.16,-1.00,0.25,-2.26,68.54,-24.17
0.17,-0.94,0.25,-33.94,59.45,-26.79
0.08,-0.79,0.38,-53.71,60.36,-35.95
-0.03,-0.65,0.49,-56.46,48.89,-39.18
-0.08,-0.78,0.40,-22.52,26.79,-38.88
-0.10,-1.01,0.48,92.29,8.97,-20.94
0.04,-1.32,0.63,149.90,25.51,17.27
0.05,-1.13,0.40,9.34,37.35,37.66
-0.07,-0.94,0.43,-96.56,15.62,-18.25
-0.10,-0.85,0.41,-122.38,14.47,-27.71
-0.02,-0.75,0.31,-111.51,24.17,4.15
0.04,-0.75,0.33,-41.08,49.19,-24.29
-0.03,-0.81,0.58,34.00,79.10,-52.49
0.00,-0.89,0.62,57.68,84.11,-30.15
0.04,-0.87,0.45,11.84,49.56,-5.86
0.05,-0.83,0.43,4.58,40.71,-13.55
-0.00,-0.94,0.53,19.84,50.66,-31.62
0.01,-0.98,0.46,14.28,31.92,-9.46
0.02,-0.96,0.39,13.43,10.56,1.28
0.03,-0.94,0.37,32.17,-10.86,5.43
0.01,-0.96,0.40,26.06,-19.65,2.62
-0.01,-0.91,0.35,9.40,-14.40,-7.51
-0.04,-0.90,0.32,-0.18,-7.63,-13.12
-0.06,-0.87,0.30,-6.47,4.15,-8.36
-0.05,-0.89,0.34,1.83,15.62,-9.40
-0.07,-0.90,0.34,1.95,20.69,-7.93
-0.10,-0.89,0.35,6.90,22.40,-5.00
-0.11,-0.92,0.39,28.08,29.48,1.83
-0.07,-0.96,0.39,25.88,25.51,5.07
-0.06,-0.94,0.39,13.37,14.59,5.00
-0.06,-0.95,0.35,3.66,0.43,-2.50
-0.05,-0.98,0.35,1.22,-2.99,-9.89
-0.09,-0.95,0.43,-14.71,-10.19,-19.96
-0.06,-0.99,0.41,-6.59,-18.07,-21.00
-0.01,-1.08,0.31,18.25,-13.06,2.01
0.04,-1.00,0.32,22.95,3.85,14.53
0.07,-0.96,0.34,-3.36,2.26,0.43
0.10,-0.90,0.34,-20.69,-4.21,-3.36
0.12,-0.94,0.35,-12.02,-6.35,-5.62
0.12,-0.97,0.39,1.10,-3.60,-1.10
0.13,-0.93,0.42,20.63,-4.39,9.77
0.14,-0.93,0.42,25.15,-1.65,10.74
0.16,-0.95,0.39,18.07,9.34,9.70
0.17,-0.90,0.37,5.43,12.27,5.74
0.19,-0.91,0.39,-1.28,7.20,2.14
0.19,-0.96,0.34,-9.64,14.40,-7.75
0.15,-0.93,0.33,-9.95,11.60,-8.18
0.09,-0.89,0.29,-4.82,-13.37,3.66
0.02,-0.89,0.30,-5.80,-26.79,2.93
-0.04,-0.84,0.35,-10.38,-43.21,-0.12
-0.07,-0.89,0.28,-0.12,-34.85,-7.75
-0.08,-0.97,0.28,20.32,-22.77,-24.48
-0.02,-1.14,0.24,28.32,-16.24,-26.00
0.16,-1.04,0.36,-2.14,-11.17,-18.01
0.11,-0.85,0.44,-93.02,18.68,-44.07
0.03,-0.83,0.51,-99.73,21.91,-67.99
-0.05,-0.96,0.62,-30.58,46.69,-49.62
-0.03,-1.01,0.61,61.16,61.83,-3.11
-0.03,-0.97,0.47,37.90,44.43,12.33
-0.05,-0.82,0.37,-13.49,10.68,13.85
-0.08,-0.80,0.40,-49.44,-21.18,-9.46
-0.10,-0.80,0.44,-62.32,-25.94,-13.06
-0.20,-0.77,0.43,-41.93,-13.18,-5.00
-0.19,-0.85,0.42,11.41,-3.66,6.96
-0.15,-0.91,0.37,40.77,-4.88,19.84
-0.14,-0.93,0.38,42.91,-3.54,20.57
-0.14,-0.97,0.41,32.65,5.80,11.47
-0.13,-0.99,0.39,22.64,5.13,6.35
-0.14,-0.95,0.37,12.39,-5.00,6.47
-0.17,-0.87,0.36,-0.12,-21.79,2.81
-0.20,-0.81,0.34,8.61,-25.76,-0.98
-0.21,-0.84,0.34,29.11,-28.20,4.70
-0.20,-0.91,0.35,22.71,-27.95,9.03
-0.17,-0.91,0.35,17.70,-15.99,8.06
-0.15,-1.01,0.34,18.92,-2.87,9.03
-0.13,-1.01,0.27,-5.68,-26.49,12.02
-0.05,-0.97,0.25,3.78,-43.21,5.19
-0.05,-1.14,0.31,16.97,-41.26,-8.48
0.05,-1.27,0.34,35.58,-35.22,-4.70
0.05,-1.08,0.38,14.40,-19.65,8.30
0.10,-1.00,0.34,-24.29,-17.76,3.48
0.18,-0.96,0.37,5.68,-8.85,27.83
0.27,-0.99,0.29,11.35,-6.84,29.17
0.30,-1.04,0.22,10.01,-13.24,24.17
0.20,-0.93,0.28,11.11,-13.55,26.00
0.15,-0.88,0.29,1.04,-25.70,28.14
0.14,-0.88,0.22,4.88,-28.50,29.42
0.09,-0.86,0.24,12.21,-30.09,25.33
0.08,-0.93,0.21,8.48,-32.84,19.47
0.05,-0.97,0.24,6.59,-29.79,18.43
0.07,-0.95,0.24,3.72,-26.98,16.17
0.11,-0.98,0.20,5.31,-21.91,12.88
0.09,-0.95,0.25,0.61,-20.14,7.51
0.03,-0.98,0.27,-2.50,-23.44,2.14
0.01,-0.95,0.26,-11.11,-31.07,1.16
0.07,-0.96,0.17,-10.93,-31.56,-2.99
0.12,-1.02,0.14,0.92,-26.25,-4.82
0.10,-1.03,0.16,-12.15,-32.90,-6.71
0.06,-1.00,0.21,-35.64,-41.20,-8.12
0.10,-0.98,0.30,-29.42,-53.96,5.13
0.06,-0.87,0.43,-39.55,-32.53,8.73
-0.09,-0.84,0.56,-51.15,-3.23,-0.67
-0.06,-0.96,0.56,11.90,-10.19,16.36
0.06,-1.11,0.42,55.79,3.05,34.48
0.02,-1.02,0.36,45.72,11.23,32.53
-0.05,-0.94,0.35,-2.44,-30.70,24.72
-0.09,-0.88,0.29,-6.16,-66.35,26.06
-0.09,-0.95,0.16,18.74,-66.59,27.28
-0.15,-0.97,0.25,22.16,-63.90,30.15
-0.13,-0.96,0.24,10.99,-66.10,33.20
-0.01,-1.01,-0.03,0.00,-63.60,33.63
-0.04,-0.91,0.09,0.49,-21.30,18.74
0.04,-0.90,0.29,12.57,-2.93,-6.77
0.31,-1.06,0.23,11.05,-49.44,-6.04
0.20,-1.07,-0.00,5.49,-68.42,28.14
-0.02,-0.89,0.73,51.94,-12.21,37.11
0.13,-0.87,0.66,53.47,-3.85,39.79
0.09,-0.99,0.39,61.04,-85.45,49.38
0.12,-1.27,0.09,13.79,-44.31,41.14
-0.01,-0.95,0.34,-21.91,-3.78,2.69
0.12,-0.77,0.35,-20.39,-37.35,-4.88
0.13,-0.90,0.19,30.64,-65.86,6.65
0.12,-0.96,0.22,27.28,-47.79,5.55
0.16,-0.94,0.31,-1.65,6.29,4.33
0.12,-0.94,0.24,6.41,-5.80,12.33
0.11,-0.96,0.21,21.42,-17.33,15.26
0.15,-0.99,0.27,10.62,-6.59,1.89
0.16,-1.03,0.20,2.81,-16.11,-0.43
0.05,-1.02,0.14,-18.74,-7.93,-1.46
-0.01,-0.93,0.27,-40.53,18.74,-13.67
0.00,-0.90,0.39,-37.54,37.35,-28.56
0.04,-0.94,0.43,-28.02,29.72,-29.54
0.03,-1.08,0.33,-41.20,42.11,-35.64
0.10,-1.04,0.35,-48.52,66.47,-38.76
0.15,-0.87,0.26,-52.31,60.24,-30.03
0.17,-0.87,0.22,-47.55,35.34,-23.07
0.13,-0.87,0.29,-75.32,25.39,-30.88
0.01,-0.70,0.54,-96.68,22.40,-33.75
-0.10,-0.85,0.53,-36.25,17.58,-32.17
-0.10,-1.14,0.46,45.23,22.77,-6.90
-0.00,-1.07,0.42,-1.71,-3.66,-6.77
0.10,-0.98,0.34,-39.43,-23.13,-6.71
0.09,-0.88,0.30,-40.16,-18.49,-6.90
0.05,-0.75,0.36,-34.18,-21.24,-10.44
-0.12,-0.73,0.47,-11.54,-37.41,-21.73
-0.20,-0.78,0.53,12.27,-38.39,-4.46
-0.20,-0.83,0.56,42.60,-34.24,-0.79
-0.13,-0.86,0.53,32.23,-8.73,-3.54
-0.06,-0.88,0.47,21.42,15.32,-6.53
-0.06,-0.93,0.48,19.65,33.69,-9.95
-0.10,-0.89,0.53,-10.99,34.06,-10.93
-0.12,-0.82,0.50,-29.85,25.82,-9.22
-0.08,-1.12,0.38,18.07,26.18,-15.26
-0.07,-1.11,0.44,52.55,33.69,-13.12
-0.05,-0.93,0.23,-37.54,30.82,-14.10
-0.02,-0.90,0.20,-36.93,12.08,-13.37
-0.05,-0.99,0.39,-0.24,17.09,-10.13
-0.04,-1.02,0.28,30.46,26.31,0.43
0.02,-0.99,0.17,29.48,27.89,4.21
0.07,-0.97,0.19,16.66,26.79,5.31
0.02,-0.92,0.28,2.01,26.06,2.20
-0.00,-0.93,0.32,12.27,27.10,2.56
0.02,-0.97,0.33,16.36,28.93,1.65
0.05,-0.98,0.31,17.46,30.21,2.81
0.06,-0.95,0.28,17.15,27.71,4.70
0.06,-0.97,0.25,15.62,22.58,2.87
0.05,-0.98,0.27,10.13,16.85,1.83
0.04,-0.96,0.30,-0.55,13.85,-0.31
0.04,-0.93,0.29,-1.71,15.01,-1.53
0.05,-0.92,0.28,1.95,18.13,-3.05
0.07,-0.92,0.27,7.75,27.83,-7.81
0.09,-0.92,0.26,9.52,32.84,-12.57
0.09,-0.94,0.27,8.97,33.75,-16.30
0.09,-0.96,0.27,5.98,33.75,-18.98
0.14,-0.98,0.25,5.37,34.00,-20.57
0.19,-0.97,0.23,1.53,35.34,-20.69
0.19,-0.96,0.27,-8.12,37.29,-22.28
0.14,-0.98,0.28,-1.95,35.10,-23.13
0.05,-1.04,0.29,12.15,30.33,-21.00
-0.12,-1.07,0.33,32.78,12.88,-10.01
-0.11,-1.06,0.17,11.90,8.85,-13.37
-0.10,-0.96,0.18,-21.61,24.17,-22.83
-0.13,-0.93,0.20,-32.35,42.18,-30.03
-0.21,-0.85,0.29,-26.18,52.19,-31.56
-0.22,-0.88,0.30,-5.62,56.09,-25.39
-0.15,-0.98,0.28,17.15,65.19,-16.24
-0.15,-0.98,0.27,14.22,67.26,-16.17
-0.18,-0.91,0.33,0.31,56.27,-17.64
-0.18,-1.00,0.36,-3.11,57.98,-21.24
-0.17,-1.01,0.34,-0.49,66.59,-19.29
-0.12,-0.95,0.33,-0.85,68.18,-13.61
-0.08,-0.94,0.38,10.13,56.40,-16.11
-0.06,-0.99,0.38,12.08,48.77,-14.71
-0.05,-0.93,0.37,-4.15,40.10,-9.83
-0.06,-0.88,0.35,-19.35,35.22,-12.08
-0.05,-0.89,0.39,-17.27,32.65,-14.77
-0.05,-0.91,0.44,-14.65,30.64,-11.05
-0.09,-0.89,0.43,-12.88,21.36,-5.55
-0.11,-0.86,0.44,-11.41,19.90,-1.16
-0.11,-0.91,0.36,-9.28,20.39,-3.36
-0.06,-1.08,0.25,21.91,4.88,-3.30
-0.08,-1.02,0.38,30.27,3.54,1.95
-0.11,-0.91,0.42,-18.07,13.12,-5.98
-0.06,-0.88,0.40,-43.52,20.20,-18.25
-0.03,-0.84,0.39,-35.34,37.29,-15.81
0.03,-0.95,0.40,-1.59,38.57,-13.92
0.06,-1.01,0.39,17.64,19.35,-2.38
0.02,-0.97,0.30,5.86,3.48,7.02
-0.04,-0.90,0.31,-8.00,-1.53,7.45
-0.07,-0.89,0.41,-18.43,-7.45,3.36
-0.05,-0.89,0.40,-16.05,0.06,-0.98
